Player,Ratings,Salaries,Pos,Age,Tm,G,GS,MP,FG,FGA,FG_perc,3P,3PA,3P_perc,2P,2PA,2P_perc,eFG,FT,FTA,FT_perc,ORB,DRB,TRB,AST,STL,BLK,TOV,PF,PTS
Kawhi Leonard,97,"$32,742,000",SF,28,LAC,51,51,32.2,9.3,19.9,0.469,2.1,5.7,0.366,7.2,14.2,0.51,0.521,6.1,6.9,0.889,1,6.3,7.3,5,1.8,0.6,2.7,1.9,26.9
LeBron James,97,"$37,436,858",PG,35,LAL,60,60,34.9,9.8,19.6,0.498,2.2,6.4,0.349,7.6,13.3,0.57,0.555,4,5.7,0.697,1,6.9,7.9,10.6,1.2,0.5,4,1.8,25.7
James Harden,96,"$38,199,000",SG,30,HOU,61,61,36.7,9.9,22.7,0.435,4.4,12.6,0.352,5.4,10.1,0.538,0.533,10.1,11.8,0.861,1,5.3,6.4,7.4,1.7,0.9,4.5,3.4,34.4
Giannis Antetokounmpo,96,"$25,842,697",PF,25,MIL,57,57,30.9,10.9,20,0.547,1.5,4.8,0.306,9.5,15.2,0.622,0.583,6.3,10,0.633,2.3,11.5,13.7,5.8,1,1,3.7,3,29.6
Stephen Curry,95,"$40,231,758",PG,31,GSW,5,5,27.8,6.6,16.4,0.402,2.4,9.8,0.245,4.2,6.6,0.636,0.476,5.2,5.2,1,0.8,4.4,5.2,6.6,1,0.4,3.2,2.2,20.8
Anthony Davis,94,"$27,093,019",PF,26,LAL,55,55,34.3,9.2,18.1,0.511,1.2,3.5,0.335,8.1,14.5,0.554,0.544,7,8.3,0.845,2.3,7.1,9.4,3.1,1.5,2.4,2.5,2.5,26.7
Paul George,93,"$33,005,556",SF,29,LAC,42,42,29.1,6.9,16,0.432,3.2,7.9,0.399,3.8,8.1,0.463,0.53,3.9,4.5,0.882,0.5,5.2,5.7,3.9,1.3,0.5,2.7,2.4,21
Damian Lillard,92,"$29,802,321",PG,29,POR,58,58,36.9,9.2,20,0.457,3.9,9.9,0.394,5.3,10.2,0.518,0.554,6.7,7.6,0.888,0.5,3.8,4.3,7.8,1,0.4,2.9,1.7,28.9
Kyrie Irving,91,"$31,742,000",PG,27,BRK,20,20,32.9,10,20.8,0.478,2.8,7.1,0.394,7.2,13.7,0.522,0.546,4.7,5.1,0.922,1.1,4.1,5.2,6.4,1.4,0.5,2.6,2.7,27.4
Joel Embiid,91,"$27,504,630",C,25,PHI,44,44,30.2,7.5,15.9,0.474,1.3,3.7,0.348,6.3,12.3,0.511,0.514,7.1,8.7,0.814,2.8,9,11.8,3.1,0.9,1.3,3.1,3.4,23.4
Russell Westbrook,90,"$38,506,482",PG,31,HOU,53,53,35.9,10.7,22.6,0.474,1,3.8,0.254,9.8,18.8,0.518,0.495,5.1,6.5,0.777,1.8,6.3,8,7,1.7,0.3,4.5,3.5,27.5
Karl-Anthony Towns,89,"$27,285,000",C,24,MIN,35,35,33.9,9,17.8,0.508,3.3,7.9,0.412,5.8,9.9,0.586,0.6,5.1,6.5,0.796,2.7,8.1,10.8,4.4,0.9,1.2,3.1,3.3,26.5
Kemba Walker,88,"$32,742,000",PG,29,BOS,50,50,31.8,7,16.6,0.421,3.3,8.8,0.377,3.7,7.9,0.47,0.52,3.9,4.5,0.867,0.7,3.4,4.1,4.9,0.9,0.5,2.1,1.5,21.2
Blake Griffin,88,"$34,449,964",PF,30,DET,18,18,28.4,4.9,13.9,0.352,1.5,6.2,0.243,3.4,7.7,0.439,0.406,4.2,5.4,0.776,0.9,3.7,4.7,3.3,0.4,0.4,2.2,1.5,15.5
Jimmy Butler,88,"$32,742,000",SF,30,MIA,54,54,34.3,6.1,13.4,0.454,0.5,2.2,0.248,5.5,11.2,0.494,0.474,7.6,9.1,0.833,1.8,4.8,6.6,6.1,1.7,0.5,2.2,1.4,20.2
Donovan Mitchell,88,"$3,635,760",SG,23,UTA,63,63,34.4,8.9,19.6,0.453,2.5,6.8,0.364,6.4,12.8,0.501,0.517,4,4.6,0.859,0.7,3.7,4.4,4.2,1,0.2,2.7,2.4,24.2
Rudy Gobert,88,"$25,258,427",C,27,UTA,62,62,34.5,5.7,8.2,0.698,0,0,,5.7,8.2,0.698,0.698,3.7,5.9,0.621,3.4,10.3,13.7,1.5,0.8,2,1.9,3.2,15.1
Victor Oladipo,87,"$21,000,000",SG,27,IND,13,10,25.9,4.8,12.4,0.391,1.6,5.3,0.304,3.2,7.1,0.457,0.457,2.5,3.2,0.78,0.5,2.6,3.2,3,0.8,0.2,2.2,1.6,13.8
Ben Simmons,87,"$27,285,000",PG,23,PHI,54,54,35.7,6.7,11.4,0.585,0,0.1,0.333,6.6,11.3,0.588,0.587,3.3,5.3,0.627,2,5.8,7.8,8.2,2.1,0.6,3.6,3.2,16.7
CJ McCollum,87,"$8,113,929",SG,28,POR,62,62,36,8.9,19.5,0.453,2.8,7.4,0.38,6,12.2,0.497,0.525,2,2.6,0.75,0.7,3.4,4.1,4.3,0.7,0.6,1.9,2.6,22.5
DeMar DeRozan,87,"$27,556,959",SF,30,SAS,61,61,34.3,8.2,15.7,0.526,0.1,0.5,0.267,8.1,15.2,0.535,0.53,5.5,6.6,0.843,0.6,5,5.6,5.6,1,0.2,2.4,2.7,22.2
LaMarcus Aldridge,87,"$27,739,975",C,34,SAS,53,53,33.1,7.4,15,0.493,1.2,3,0.389,6.2,12,0.519,0.532,3,3.6,0.827,1.9,5.5,7.4,2.4,0.7,1.6,1.4,2.4,18.9
Pascal Siakam,87,"$26,000,000",PF,25,TOR,53,53,35.5,8.7,18.9,0.459,2.2,6,0.359,6.5,12.8,0.506,0.517,4.2,5.2,0.8,1.1,6.5,7.5,3.6,1,0.9,2.5,2.8,23.6
D'Angelo Russell,87,"$2,351,838",PG,23,MIN,45,45,32.3,8,18.8,0.426,3.5,9.6,0.367,4.5,9.2,0.487,0.519,3.6,4.4,0.809,0.4,3.6,3.9,6.3,1.1,0.3,3.3,1.9,23.1
Mike Conley,87,"$32,511,623",PG,32,UTA,41,35,28.6,4.8,11.9,0.405,2,5.2,0.376,2.9,6.7,0.429,0.488,2.3,2.9,0.795,0.7,2.6,3.2,4.3,0.8,0.1,1.9,2.2,13.8
Bradley Beal,87,"$27,093,018",SG,26,WAS,57,57,36,10.4,22.9,0.455,3,8.4,0.353,7.4,14.4,0.515,0.52,6.8,8,0.842,0.9,3.3,4.2,6.1,1.2,0.4,3.4,2.2,30.5
Draymond Green,86,"$27,093,018",PF,29,GSW,43,43,28.4,2.9,7.3,0.389,0.8,3,0.279,2,4.3,0.465,0.446,1.5,1.9,0.759,0.5,5.7,6.2,6.2,1.4,0.8,2.3,2.6,8
Jrue Holiday,86,"$18,539,130",SG,29,NOP,55,55,34.9,7.7,16.9,0.452,2.1,5.9,0.357,5.6,11.1,0.502,0.514,2.2,3.1,0.7,1.3,3.6,4.9,6.9,1.7,0.8,2.9,2.3,19.6
Devin Booker,86,"$26,131,111",SG,23,PHO,62,62,36.1,8.8,18,0.487,2,5.6,0.36,6.7,12.4,0.544,0.543,6.5,7.1,0.916,0.4,3.7,4.2,6.6,0.7,0.3,3.9,3,26.1
De'Aaron Fox,86,"$27,285,000",PG,22,SAC,45,43,31.7,7.3,15.4,0.475,1,3.4,0.307,6.3,12,0.523,0.509,4.8,6.8,0.703,0.7,3.4,4,6.8,1.4,0.5,3.1,2.9,20.4
Andre Drummond,86,"$6,392,760",C,26,CLE,57,56,33,7.3,13.8,0.533,0.1,0.6,0.143,7.2,13.1,0.551,0.536,3,5.2,0.575,4.4,10.8,15.2,2.7,1.9,1.6,3.6,3.5,17.7
Trae Young,85,"$6,273,000",PG,21,ATL,60,60,35.3,9.1,20.8,0.437,3.4,9.5,0.361,5.7,11.4,0.501,0.519,8,9.3,0.86,0.5,3.7,4.3,9.3,1.1,0.1,4.8,1.7,29.6
Jayson Tatum,85,"$7,830,000",PF,21,BOS,59,59,34.6,8.5,18.9,0.448,2.8,7.1,0.398,5.6,11.7,0.479,0.523,3.8,4.7,0.806,1,6.1,7.1,2.9,1.4,0.9,2.2,2.1,23.6
Zach LaVine,85,"$19,500,000",SG,24,CHI,60,60,34.8,9,20,0.45,3.1,8.1,0.38,5.9,11.9,0.497,0.526,4.5,5.6,0.802,0.7,4.1,4.8,4.2,1.5,0.5,3.4,2.2,25.5
Clint Capela,85,"$16,896,552",C,25,HOU,39,39,32.8,6.3,9.9,0.629,0,0,,6.3,9.9,0.629,0.629,1.4,2.7,0.529,4.3,9.5,13.8,1.2,0.8,1.8,1.6,2.6,13.9
Eric Bledsoe,85,"$15,625,000",PG,30,MIL,56,56,27.2,5.7,11.8,0.482,1.3,3.6,0.348,4.4,8.2,0.54,0.535,2.8,3.4,0.813,0.7,3.9,4.6,5.4,0.9,0.4,2.5,2.1,15.4
Khris Middleton,85,"$30,603,448",SF,28,MIL,55,52,30.1,7.7,15.5,0.499,2.4,5.8,0.418,5.3,9.7,0.547,0.577,3.2,3.6,0.908,0.7,5.5,6.2,4.1,0.9,0.1,2.1,2.2,21.1
Chris Paul,85,"$38,506,482",PG,34,OKC,63,63,31.8,6.3,12.8,0.489,1.6,4.4,0.362,4.7,8.3,0.557,0.552,3.6,4,0.9,0.3,4.6,4.9,6.8,1.6,0.1,2.2,2.2,17.7
Al Horford,85,"$28,000,000",C,33,PHI,60,57,30.8,4.8,10.9,0.442,1.5,4.4,0.337,3.3,6.5,0.513,0.51,0.9,1.2,0.753,1.5,5.3,6.9,4.1,0.9,0.9,1.1,2.1,12
Tobias Harris,85,"$32,742,000",PF,27,PHI,65,65,34.5,7.6,16.1,0.472,1.8,5,0.362,5.8,11.1,0.521,0.528,2.4,2.9,0.806,0.8,5.9,6.8,3.2,0.8,0.5,1.5,2.3,19.4
Kyle Lowry,85,"$33,296,296",PG,33,TOR,52,52,36.6,5.9,14.3,0.417,2.9,8.3,0.354,3,5.9,0.505,0.52,4.9,5.7,0.861,0.6,4.3,4.8,7.7,1.3,0.4,3,3.2,19.7
John Collins,84,"$2,686,560",PF,22,ATL,41,41,33.2,8.6,14.8,0.583,1.4,3.6,0.401,7.2,11.2,0.642,0.632,2.9,3.7,0.8,2.8,7.3,10.1,1.5,0.8,1.6,1.8,3.4,21.6
Jamal Murray,84,"$4,444,746",PG,22,DEN,55,55,32.8,7,15.4,0.455,1.9,5.5,0.345,5.1,9.9,0.517,0.517,2.9,3.2,0.893,0.8,3.2,3.9,4.8,1.2,0.3,2.3,1.8,18.8
Kyle Kuzma,84,"$1,974,600",PF,24,LAL,54,7,24.6,4.7,10.9,0.432,1.3,4.4,0.297,3.4,6.5,0.523,0.491,1.8,2.4,0.738,0.9,3.6,4.5,1.3,0.4,0.4,1.6,2,12.5
Buddy Hield,84,"$4,861,207",SG,27,SAC,64,44,32,7.1,16.6,0.429,3.8,9.7,0.395,3.3,6.9,0.477,0.544,1.8,2,0.855,0.9,3.9,4.8,3.1,0.9,0.3,2.3,2.3,19.8
Lauri Markkanen,83,"$5,300,400",PF,22,CHI,50,50,29.8,5,11.8,0.425,2.2,6.3,0.344,2.8,5.5,0.518,0.517,2.5,3.1,0.824,1.2,5.1,6.3,1.5,0.8,0.5,1.6,1.9,14.7
Kevin Love,83,"$28,942,830",PF,31,CLE,56,56,31.8,5.8,13,0.45,2.6,7,0.374,3.2,6,0.537,0.55,3.3,3.9,0.854,1,8.8,9.8,3.2,0.6,0.3,2.5,1.6,17.6
Malcolm Brogdon,83,"$20,000,000",PG,27,IND,48,48,30.7,6,13.7,0.439,1.3,4.1,0.313,4.8,9.7,0.491,0.485,3,3.4,0.895,0.8,3.9,4.7,7.1,0.7,0.2,2.4,1.8,16.3
Montrezl Harrell,83,"$6,000,000",C,26,LAC,63,2,27.8,7.5,12.9,0.58,0,0.3,0,7.5,12.6,0.593,0.58,3.7,5.6,0.658,2.6,4.5,7.1,1.7,0.6,1.1,1.7,2.3,18.6
Julius Randle,83,"$18,000,000",PF,25,NYK,64,64,32.5,7.2,15.7,0.46,1,3.6,0.277,6.2,12.1,0.515,0.492,4,5.5,0.733,2.4,7.4,9.7,3.1,0.8,0.3,3,2.8,19.5
Danilo Gallinari,83,"$22,615,559",PF,31,OKC,55,55,30.7,6,13.6,0.439,3,7.3,0.409,3,6.3,0.474,0.549,4.3,4.8,0.886,0.6,4.9,5.5,2.1,0.7,0.1,1.3,1.2,19.2
Marcus Smart,82,"$12,553,571",SG,25,BOS,53,39,32.5,4.5,11.9,0.38,2.4,6.9,0.348,2.1,5,0.424,0.481,2,2.4,0.835,0.8,3.1,3.8,4.8,1.6,0.5,1.7,2.7,13.5
Spencer Dinwiddie,82,"$10,605,600",SG,26,BRK,64,49,31.2,6.6,16,0.415,1.9,6.3,0.308,4.7,9.7,0.485,0.476,5.4,7,0.778,0.5,3,3.5,6.8,0.6,0.3,2.7,2.8,20.6
Paul Millsap,82,"$30,350,000",PF,34,DEN,44,41,24.4,4.3,8.8,0.486,1.1,2.5,0.44,3.2,6.3,0.504,0.548,2.4,2.9,0.833,2,3.9,5.9,1.6,0.9,0.6,1.4,2.9,12
Myles Turner,82,"$18,000,000",C,23,IND,55,55,29.6,4.2,9.4,0.451,1.4,4.2,0.336,2.8,5.2,0.542,0.525,2,2.6,0.75,1.3,5.3,6.5,1.1,0.8,2.2,1.2,2.5,11.8
Steven Adams,82,"$25,842,697",C,26,OKC,58,58,27,4.5,7.6,0.591,0,0.1,0.333,4.5,7.6,0.593,0.593,1.9,3.2,0.59,3.4,6,9.4,2.4,0.9,1.1,1.5,1.9,10.9
Deandre Ayton,82,"$9,562,920",C,21,PHO,30,25,33.2,8.5,15.5,0.548,0,0.1,0,8.5,15.4,0.552,0.548,2,2.6,0.769,4.1,7.9,12,1.9,0.7,1.7,2.4,3.2,19
Marc Gasol,82,"$25,595,700",C,35,TOR,36,35,27.5,2.8,6.6,0.419,1.4,3.5,0.402,1.3,3,0.44,0.528,0.7,1,0.722,0.8,5.5,6.3,3.4,0.8,0.9,1.2,2.8,7.6
DeAndre Jordan,81,"$9,881,598",C,31,BRK,56,6,22,3.4,5.1,0.666,0,0,,3.4,5.1,0.666,0.666,1.5,2.2,0.68,2.5,7.5,10,1.9,0.3,0.9,1.3,2,8.3
Domantas Sabonis,81,"$3,529,554",C,23,IND,62,62,34.8,7.4,13.7,0.54,0.3,1.1,0.254,7.1,12.6,0.565,0.55,3.5,4.8,0.723,3,9.4,12.4,5,0.8,0.5,2.7,3.1,18.5
Brandon Ingram,81,"$7,265,485",PF,22,NOP,56,56,34.3,8.4,18,0.466,2.4,6.3,0.387,5.9,11.6,0.509,0.534,5.1,5.9,0.858,0.9,5.4,6.3,4.3,1,0.7,3.1,2.9,24.3
Zion Williamson,81,"$9,757,440",PF,19,NOP,19,19,29.7,9.1,15.4,0.589,0.3,0.7,0.462,8.7,14.7,0.595,0.599,5.2,8,0.645,2.9,3.9,6.8,2.2,0.8,0.5,2.7,1.7,23.6
Aaron Gordon,81,"$19,863,636",PF,24,ORL,58,58,33,5.4,12.5,0.433,1.2,3.9,0.301,4.2,8.6,0.492,0.479,2.4,3.5,0.675,1.8,5.8,7.6,3.7,0.9,0.6,1.6,2,14.4
Hassan Whiteside,81,"$27,093,018",C,30,POR,61,61,31.3,6.9,11.1,0.618,0.1,0.1,0.571,6.8,11,0.619,0.621,2.5,3.7,0.68,4,10.2,14.2,1.2,0.4,3.1,1.9,2.9,16.3
Rudy Gay,81,"$14,500,000",PF,33,SAS,60,5,21.5,3.7,8.4,0.442,1,3.1,0.314,2.7,5.3,0.517,0.5,1.7,1.9,0.876,0.9,4.4,5.4,1.7,0.4,0.5,1.3,1.5,10
Serge Ibaka,81,"$23,271,604",C,30,TOR,50,27,27.5,6.5,12.5,0.518,1.3,3.3,0.398,5.1,9.1,0.562,0.571,1.8,2.4,0.748,2.1,6.2,8.3,1.5,0.5,0.8,2,2.8,16
Enes Kanter,80,"$4,767,000",C,27,BOS,51,6,17.5,3.5,6.1,0.566,0,0.1,0.143,3.4,6,0.576,0.568,1.2,1.7,0.708,2.8,5,7.7,1,0.4,0.7,1,1.7,8.2
Gordon Hayward,80,"$32,700,690",SF,29,BOS,45,45,33.4,6.8,13.5,0.502,1.6,4.2,0.392,5.1,9.3,0.553,0.563,2.1,2.5,0.847,1,5.5,6.5,4.1,0.8,0.4,1.8,1.8,17.3
Otto Porter,80,"$27,250,576",SF,26,CHI,14,9,23.6,4.4,10,0.443,1.7,4.4,0.387,2.7,5.6,0.487,0.529,1.4,1.9,0.704,0.9,2.5,3.4,1.8,1.1,0.4,0.8,2.2,11.9
Derrick Rose,80,"$7,317,074",PG,31,DET,50,15,26,7.4,15.1,0.49,0.9,2.9,0.306,6.5,12.1,0.535,0.52,2.4,2.8,0.871,0.5,1.9,2.4,5.6,0.8,0.3,2.5,1,18.1
Derrick Favors,80,"$11,301,219",C,28,NOP,45,43,24.2,4.2,6.8,0.62,0,0.2,0.143,4.2,6.6,0.631,0.621,0.8,1.4,0.581,3.3,6.6,9.9,1.7,0.6,1,1.1,2.2,9.2
Josh Richardson,80,"$17,799,677",SG,26,PHI,48,46,30.7,5.1,12,0.429,1.5,4.5,0.327,3.7,7.5,0.489,0.49,2.1,2.7,0.789,0.8,2.6,3.4,3.1,0.9,0.7,1.9,2.5,13.8
Robert Covington,80,"$17,650,000",PF,29,HOU,62,60,30.1,4.5,10.5,0.432,2.4,6.8,0.349,2.1,3.6,0.589,0.546,1.4,1.7,0.796,0.9,5.5,6.4,1.2,1.5,1.3,1.5,3.2,12.8
Reggie Jackson,80,"$10,116,576",PG,29,LAC,23,11,24.2,4.7,11.2,0.416,2,4.9,0.398,2.7,6.3,0.431,0.504,1.5,1.9,0.814,0.7,2.3,2.9,4.4,0.4,0.2,1.7,1.7,12.8
Jaylen Brown,79,"$6,534,829",SF,23,BOS,50,50,34,7.6,15.4,0.49,2.1,5.6,0.381,5.4,9.8,0.552,0.559,3.2,4.3,0.736,1.1,5.3,6.4,2.2,1.1,0.3,2.3,3,20.4
Jarrett Allen,79,"$2,376,840",C,21,BRK,64,58,25.7,4.2,6.5,0.646,0,0.1,0,4.2,6.4,0.654,0.646,2.3,3.7,0.62,3,6.4,9.5,1.3,0.6,1.3,1.1,2.3,10.6
Thaddeus Young,79,"$12,900,000",PF,31,CHI,64,16,24.9,4.2,9.4,0.448,1.2,3.5,0.356,3,5.9,0.501,0.513,0.7,1.1,0.583,1.5,3.5,4.9,1.8,1.4,0.4,1.6,2.1,10.3
Tristan Thompson,79,"$18,539,130",C,28,CLE,57,51,30.2,5.1,9.9,0.512,0.2,0.4,0.391,4.9,9.5,0.518,0.52,1.7,2.8,0.615,4,6.2,10.1,2.1,0.6,0.9,1.8,2.2,12
Gary Harris,79,"$2,177,483",SG,25,DEN,56,55,31.8,3.9,9.3,0.42,1.3,3.8,0.333,2.6,5.5,0.479,0.487,1.3,1.6,0.815,0.5,2.4,2.9,2.1,1.4,0.3,1.1,2.1,10.4
Jeremy Lamb,79,"$17,839,286",SG,27,IND,46,42,28.1,4.7,10.4,0.451,1.2,3.4,0.335,3.5,7,0.508,0.506,2,2.4,0.836,0.5,3.8,4.3,2.1,1.2,0.5,1.1,2.3,12.5
Patrick Beverley,79,"$27,504,630",PG,31,LAC,48,48,27.1,2.9,6.8,0.428,1.6,4.1,0.379,1.3,2.6,0.504,0.543,0.6,0.9,0.659,1.2,4.2,5.4,3.7,1.1,0.5,1.3,3.1,7.9
JaVale McGee,79,"$10,500,000",C,32,LAL,61,61,16.8,3,4.6,0.64,0,0.1,0.5,2.9,4.5,0.643,0.645,0.8,1.2,0.653,1.8,4,5.8,0.6,0.5,1.5,0.8,2.4,6.8
Ja Morant,79,"$12,345,680",PG,20,MEM,59,59,30,6.7,13.6,0.491,0.9,2.4,0.367,5.8,11.2,0.517,0.523,3.5,4.5,0.77,0.7,2.8,3.5,6.9,0.9,0.3,3.2,1.5,17.6
Bam Adebayo,79,"$4,000,000",PF,22,MIA,65,65,34.4,6.3,11.1,0.567,0,0.2,0.077,6.3,10.9,0.576,0.568,3.6,5.3,0.69,2.5,8,10.5,5.1,1.2,1.3,2.8,2.5,16.2
Brook Lopez,79,"$8,730,240",C,31,MIL,61,60,26.6,4,9.4,0.427,1.4,4.7,0.296,2.6,4.7,0.557,0.501,1.6,2,0.81,0.7,3.8,4.5,1.6,0.7,2.4,1,2.4,11
Lonzo Ball,79,"$3,454,080",PG,22,NOP,56,47,32.4,4.6,11.2,0.412,2.5,6.5,0.383,2.1,4.7,0.453,0.523,0.7,1.2,0.567,1.1,5.1,6.2,7,1.4,0.5,3.1,2,12.4
Mitchell Robinson,79,"$12,093,024",C,21,NYK,61,7,23.1,4.1,5.6,0.742,0,0,,4.1,5.6,0.742,0.742,1.4,2.4,0.568,3,4,7,0.6,0.9,2,0.6,3.2,9.7
Shai Gilgeous-Alexander,79,"$8,719,320",SG,21,OKC,63,63,35.1,7,14.8,0.473,1.2,3.5,0.351,5.8,11.3,0.511,0.514,4,5,0.801,0.7,5.4,6.1,3.3,1.1,0.7,1.9,1.7,19.3
Terrence Ross,79,"$1,559,712",SG,28,ORL,63,0,27.3,5,12.3,0.407,2.6,7.2,0.357,2.4,5.1,0.477,0.511,2.2,2.6,0.845,0.2,3,3.2,1.2,1.1,0.3,1,1.5,14.8
Harrison Barnes,79,"$3,952,920",PF,27,SAC,64,64,34.9,5.1,11.1,0.459,1.5,3.8,0.383,3.6,7.3,0.498,0.524,3.1,3.8,0.803,1,3.8,4.8,2.4,0.6,0.2,1.3,1.3,14.7
Fred VanVleet,79,"$12,500,000",PG,25,TOR,48,48,35.8,6,14.6,0.409,2.7,7,0.388,3.3,7.6,0.43,0.503,2.9,3.5,0.843,0.4,3.4,3.8,6.6,1.9,0.3,2.3,2.5,17.6
Willie Cauley-Stein,79,"$24,147,727",C,26,DAL,54,39,20.3,3.2,5.6,0.579,0,0,0,3.2,5.6,0.581,0.579,0.7,1.2,0.606,1.6,4.3,5.8,1.3,0.9,1.1,0.7,2.2,7.2
Andrew Wiggins,79,"$9,346,153",SF-SG,24,GSW,54,54,34.4,8.1,18.1,0.447,2.1,6.2,0.332,6,11.9,0.506,0.504,3.5,5,0.709,1.2,3.9,5.1,3.7,0.8,1,2.4,2.4,21.8
Joe Ingles,79,"$11,454,546",SF,32,UTA,64,37,29.9,3.4,7.7,0.441,1.9,4.8,0.397,1.5,2.9,0.516,0.566,1,1.3,0.774,0.4,3.6,4,5.2,0.9,0.1,1.9,2.1,9.8
Caris LeVert,78,"$19,000,000",SG,25,BRK,39,25,29,6.5,15.6,0.414,1.8,4.8,0.381,4.6,10.8,0.429,0.473,3,4.1,0.72,1,3.1,4.1,4.1,1.1,0.2,2.5,1.8,17.7
Joe Harris,78,"$2,625,717",SF,28,BRK,63,63,30.9,5.3,11.2,0.471,2.4,5.9,0.412,2.9,5.3,0.536,0.579,1,1.3,0.747,1,3.4,4.3,2.1,0.6,0.3,1.5,2.2,13.9
Terry Rozier,78,"$7,666,667",PG,25,CHO,63,63,34.3,6.3,14.9,0.423,2.7,6.7,0.407,3.6,8.2,0.436,0.514,2.6,3,0.874,0.8,3.6,4.4,4.1,1,0.2,2.2,2,18
Will Barton,78,"$19,894,737",SF,29,DEN,58,58,33,5.7,12.7,0.45,1.9,5,0.375,3.9,7.8,0.498,0.523,1.8,2.3,0.767,1.3,5,6.3,3.7,1.1,0.5,1.5,2.1,15.1
Eric Gordon,78,"$12,776,786",SG,31,HOU,34,13,28.6,4.8,12.9,0.37,2.7,8.5,0.319,2.1,4.4,0.467,0.475,2.3,3,0.757,0.2,1.7,1.9,1.5,0.6,0.4,1.1,2,14.5
JaMychal Green,78,"$14,057,730",PF,29,LAC,55,0,20.5,2.3,5.5,0.414,1.3,3.7,0.363,0.9,1.8,0.52,0.536,0.6,0.8,0.727,1.4,5,6.3,0.8,0.5,0.4,0.8,2.7,6.5
Justise Winslow,78,"$4,767,000",SF,23,MIA,11,5,32,4.5,11.7,0.388,0.5,2.5,0.222,4,9.3,0.431,0.411,1.6,2.5,0.667,1.5,5.2,6.6,4,0.6,0.5,2.2,3.5,11.3
Andre Iguodala,78,"$15,000,000",SG,36,MIA,14,0,18.5,1.8,3.6,0.49,0.6,1.7,0.375,1.1,1.9,0.593,0.578,0.1,0.6,0.25,0.7,3.1,3.8,2,0.6,1.1,1.2,2,4.4
Kelly Olynyk,78,"$13,000,000",C,28,MIA,59,6,18.5,2.6,5.4,0.476,1.4,3.1,0.432,1.2,2.2,0.538,0.603,1.2,1.4,0.854,0.6,3.8,4.4,1.6,0.6,0.3,1.1,2.4,7.7
RJ Barrett,78,"$17,185,185",SG,19,NYK,56,55,30.4,5.2,13,0.402,1.1,3.5,0.32,4.1,9.5,0.432,0.445,2.8,4.5,0.614,0.9,4.1,5,2.6,1,0.3,2.2,2.2,14.3
Bobby Portis,78,"$12,667,885",C,24,NYK,66,5,21.1,4,8.9,0.45,1,2.8,0.358,3,6.1,0.493,0.507,1.1,1.4,0.763,1.2,3.9,5.1,1.5,0.5,0.3,1.1,1.7,10.1
Evan Fournier,78,"$7,839,960",SG,27,ORL,61,61,31.7,6.7,14.2,0.47,2.7,6.7,0.406,4,7.6,0.525,0.564,2.8,3.4,0.82,0.3,2.3,2.6,3.2,1.1,0.2,2,2.4,18.8
Ricky Rubio,78,"$15,000,000",PG,29,PHO,57,57,31.6,4.4,10.7,0.412,1.2,3.3,0.351,3.3,7.4,0.44,0.466,3.1,3.6,0.853,0.7,3.9,4.6,8.9,1.5,0.2,2.7,2.5,13.1
Derrick White,78,"$17,150,000",SG,25,SAS,61,13,24.1,3.5,7.6,0.459,0.9,2.6,0.356,2.6,5,0.513,0.52,2.5,2.9,0.857,0.5,2.7,3.2,3.4,0.6,0.9,1.2,2.2,10.4
Dejounte Murray,78,"$16,200,000",PG,23,SAS,58,50,24.9,4.4,9.3,0.475,0.6,1.6,0.378,3.8,7.7,0.494,0.507,1.3,1.6,0.798,1.2,4.6,5.8,4.1,1.7,0.3,1.9,2.2,10.7
Jabari Parker,78,"$6,500,000",PF,24,SAC,33,23,25.8,6,12.1,0.499,0.9,3.5,0.267,5.1,8.6,0.594,0.538,1.7,2.2,0.743,1.6,4.3,5.9,1.8,1.3,0.5,1.8,2.8,14.7
Jeff Teague,78,"$1,948,080",PG,31,ATL,59,17,24.8,3.6,8.3,0.436,0.7,2,0.368,2.9,6.3,0.457,0.48,2.9,3.3,0.873,0.5,1.9,2.4,5.2,0.7,0.3,2,1.8,10.9
Jordan Clarkson,78,"$2,321,735",SG,27,UTA,63,0,24.2,5.6,12,0.465,2.1,5.6,0.368,3.5,6.3,0.55,0.551,1.9,2.3,0.841,0.7,1.9,2.7,2,0.7,0.2,1.3,1.5,15.1
Marcus Morris,78,"$13,437,500",SF-PF,30,LAC,55,55,31.4,5.9,13.6,0.433,2.4,5.9,0.41,3.5,7.7,0.451,0.522,3.1,3.8,0.823,1,4.1,5.1,1.4,0.8,0.5,1.6,2.9,17.4
Thomas Bryant,78,"$8,000,000",C,22,WAS,38,28,23.7,4.8,8.1,0.599,0.6,1.4,0.407,4.3,6.7,0.64,0.635,1.8,2.5,0.737,2,4.9,6.8,1.9,0.4,0.9,1.3,2.2,12.1
De'Andre Hunter,77,"$7,068,360",SF,22,ATL,63,62,32,4.4,10.8,0.41,1.7,4.8,0.355,2.7,6,0.454,0.489,1.7,2.3,0.764,0.7,3.8,4.5,1.8,0.7,0.3,1.6,2.9,12.3
Taurean Prince,77,"$4,160,000",SF,25,BRK,64,61,29,4.3,11.5,0.376,2.3,6.7,0.339,2.1,4.8,0.429,0.475,1.1,1.4,0.798,0.8,5.2,6,1.8,0.9,0.4,2,2.5,12.1
Cody Zeller,77,"$3,481,985",C,27,CHO,58,39,23.1,4.3,8.3,0.524,0.3,1.3,0.24,4,7,0.577,0.543,2.1,3.1,0.682,2.8,4.3,7.1,1.5,0.7,0.4,1.3,2.4,11.1
Nicolas Batum,77,"$14,471,910",SF,31,CHO,22,3,23,1.3,3.7,0.346,0.6,2.2,0.286,0.6,1.5,0.438,0.432,0.4,0.5,0.9,1.1,3.4,4.5,3,0.8,0.4,1,1.9,3.6
Darius Garland,77,"$25,565,217",PG,20,CLE,59,59,30.9,4.7,11.8,0.401,1.8,5,0.355,3,6.8,0.434,0.476,1.1,1.2,0.875,0.5,1.4,1.9,3.9,0.7,0.1,2.6,1.6,12.3
Collin Sexton,77,"$6,400,920",SG,21,CLE,65,65,33,7.9,16.7,0.472,1.5,3.9,0.38,6.4,12.8,0.501,0.517,3.5,4.1,0.846,0.9,2.2,3.1,3,1,0.1,2.4,2.2,20.8
Dwight Powell,77,"$4,764,960",C,28,DAL,40,37,26.5,3.7,5.7,0.638,0.3,1,0.256,3.4,4.8,0.716,0.659,1.9,2.8,0.667,1.9,3.8,5.7,1.5,0.9,0.6,0.9,2.6,9.4
Mason Plumlee,77,"$10,259,375",C,29,DEN,53,1,17,2.9,4.7,0.617,0,0.1,0,2.9,4.6,0.627,0.617,1.4,2.6,0.536,1.7,3.6,5.3,2.4,0.5,0.6,1.4,2.4,7.2
Monte Morris,77,"$14,041,096",PG,24,DEN,65,8,21.6,3.4,7.4,0.459,0.8,2.2,0.375,2.6,5.2,0.494,0.514,0.8,1,0.823,0.3,1.4,1.7,3.5,0.8,0.2,0.7,1,8.4
Jerami Grant,77,"$1,588,231",PF,25,DEN,64,22,26.2,4.1,8.7,0.471,1.4,3.4,0.4,2.7,5.3,0.518,0.55,2,2.7,0.744,0.8,2.7,3.5,1.2,0.7,0.8,0.9,2.2,11.6
Kevon Looney,77,"$9,346,153",C,23,GSW,20,4,13.1,1.5,4,0.367,0.1,0.7,0.071,1.4,3.3,0.431,0.373,0.5,0.6,0.75,1.4,1.9,3.3,1,0.6,0.3,0.6,1.7,3.4
Ivica Zubac,77,"$4,464,286",C,22,LAC,64,62,18.1,3.2,5.3,0.601,0,0,0,3.2,5.2,0.605,0.601,1.7,2.2,0.759,2.6,4.6,7.2,1.1,0.2,0.9,0.8,2.3,8
Danny Green,77,"$7,339,258",SG,32,LAL,61,61,25.1,2.9,7,0.419,1.9,4.9,0.378,1.1,2.1,0.516,0.552,0.5,0.7,0.727,0.7,2.7,3.4,1.4,1.2,0.5,0.9,2.1,8.2
Jarrett Culver,77,"$6,481,482",SG,20,MIN,63,35,23.9,3.7,9,0.404,1,3.5,0.299,2.6,5.5,0.471,0.462,0.9,1.9,0.462,1.1,2.3,3.4,1.7,0.9,0.6,1.3,2,9.2
Taj Gibson,77,"$14,634,147",C,34,NYK,62,56,16.5,2.7,4.6,0.584,0.1,0.2,0.286,2.6,4.4,0.599,0.591,0.7,0.9,0.732,1.8,2.5,4.3,0.8,0.4,0.5,0.8,2,6.1
Nerlens Noel,77,"$5,813,640",C,25,OKC,55,6,18.4,3.2,4.6,0.685,0,0.1,0.333,3.1,4.6,0.689,0.687,1.4,1.8,0.765,1.5,3.4,4.9,1,1,1.5,1,2.6,7.7
Al-Farouq Aminu,77,"$2,731,713",PF,29,ORL,18,2,21.1,1.4,4.8,0.291,0.5,2,0.25,0.9,2.8,0.32,0.343,1.1,1.6,0.655,1.3,3.5,4.8,1.2,1,0.4,0.9,1.5,4.3
Mo Bamba,77,"$9,000,000",C,21,ORL,60,0,14.5,2.2,4.7,0.468,0.6,1.7,0.356,1.6,3,0.534,0.534,0.5,0.8,0.674,1.6,3.4,5,0.7,0.4,1.4,0.7,1.9,5.5
Nemanja Bjelica,77,"$1,882,867",PF,31,SAC,64,61,28.5,4.5,9.4,0.475,2,4.6,0.424,2.5,4.8,0.524,0.579,0.9,1.1,0.822,1.7,4.8,6.4,2.8,0.8,0.5,1.4,3,11.9
Jakob Poeltl,77,"$9,258,000",C,24,SAS,58,10,16.6,2.3,3.8,0.619,0,0,,2.3,3.8,0.619,0.619,0.6,1.3,0.486,1.8,3.6,5.3,1.8,0.5,1.4,0.8,1.7,5.3
Alex Len,77,"$5,697,600",C,26,ATL,49,9,18.3,3.4,6.2,0.556,0.3,1.1,0.25,3.1,5,0.626,0.579,1.2,1.9,0.637,1.9,4.1,6,1,0.4,0.9,1,2.3,8.3
DeMarre Carroll,77,"$6,825,000",SF,33,HOU,21,0,11,1,2.6,0.389,0.3,1.3,0.259,0.7,1.3,0.519,0.454,1.1,1.7,0.667,0.5,1.7,2.2,0.9,0.2,0.2,0.8,1.3,3.5
Malik Beasley,77,"$3,754,885",SG,23,MIN,55,14,22,4.1,9.7,0.425,1.9,5,0.388,2.2,4.7,0.465,0.525,1,1.2,0.818,0.3,2.4,2.7,1.4,0.7,0.1,1,1.4,11.2
Ed Davis,77,"$4,767,000",C,30,UTA,25,0,10.7,0.6,1.4,0.412,0,0,,0.6,1.4,0.412,0.412,0.2,0.4,0.455,1.2,2.6,3.8,0.3,0.4,0.4,0.5,2.2,1.3
Kevin Huerter,76,"$2,636,280",SG,21,ATL,56,48,31.4,4.5,10.9,0.413,2.3,6,0.38,2.2,4.9,0.453,0.517,0.9,1.1,0.828,0.6,3.4,4.1,3.8,0.9,0.5,1.6,2.5,12.2
Daniel Theis,76,"$13,333,334",C,27,BOS,58,57,23.8,3.7,6.6,0.565,0.4,1.4,0.321,3.3,5.2,0.631,0.599,1.4,1.8,0.764,2.2,4.3,6.6,1.6,0.6,1.3,0.8,3.5,9.3
Coby White,76,"$5,000,000",SG,19,CHI,65,1,25.8,4.8,12.2,0.394,2,5.8,0.354,2.8,6.4,0.43,0.478,1.6,2,0.791,0.4,3.1,3.5,2.7,0.8,0.1,1.7,1.8,13.2
Miles Bridges,76,"$5,307,120",SF,21,CHO,65,64,30.7,4.9,11.6,0.424,1.5,4.6,0.33,3.4,7,0.486,0.489,1.6,2,0.809,1.4,4.2,5.6,1.8,0.6,0.7,1.5,2,13
Jalen Brunson,76,"$3,755,400",PG,23,DAL,57,16,17.9,3.2,6.8,0.466,0.8,2.1,0.358,2.4,4.7,0.515,0.522,1.1,1.3,0.813,0.4,2,2.4,3.3,0.4,0.1,1.2,1.3,8.2
Delon Wright,76,"$1,416,852",SG,27,DAL,65,5,21.7,2.8,5.9,0.47,0.7,1.8,0.385,2.1,4.1,0.508,0.529,1.1,1.4,0.789,1,3,4,3.4,1.2,0.3,1,1.3,7.3
Austin Rivers,76,"$9,473,684",SG,27,HOU,60,4,23.4,3,7.2,0.421,1.4,3.9,0.358,1.7,3.3,0.495,0.517,1,1.5,0.667,0.4,2,2.4,1.6,0.7,0.2,0.6,1.9,8.5
Landry Shamet,76,"$12,784,359",SG,22,LAC,47,27,27.5,3.1,7.5,0.416,2.2,5.7,0.392,0.9,1.8,0.494,0.566,1.2,1.3,0.905,0.1,1.8,1.9,1.9,0.4,0.2,0.8,2.8,9.7
Rajon Rondo,76,"$2,174,310",PG,33,LAL,48,3,20.5,2.9,6.8,0.418,0.9,2.6,0.328,2,4.2,0.473,0.48,0.6,0.9,0.659,0.5,2.5,3,5,0.8,0,1.9,1.2,7.1
Avery Bradley,76,"$3,405,180",SG,29,LAL,49,44,24.2,3.5,7.8,0.444,1.3,3.5,0.364,2.2,4.3,0.51,0.526,0.4,0.5,0.833,0.4,2,2.3,1.3,0.9,0.1,1,2.2,8.6
Kentavious Caldwell-Pope,76,"$1,995,120",SG,26,LAL,63,20,25.4,3.5,7.4,0.472,1.4,3.5,0.394,2.1,3.9,0.543,0.565,1.2,1.5,0.779,0.6,1.5,2.1,1.7,0.8,0.2,0.9,1.9,9.5
Josh Jackson,76,"$2,564,753",SG,22,MEM,18,0,19.8,3.8,8.6,0.439,1.3,4,0.319,2.5,4.6,0.542,0.513,1.6,2.4,0.659,0.6,2.6,3.2,1.7,1,0.5,1.4,2.2,10.4
Meyers Leonard,76,"$6,767,000",C,27,MIA,49,49,20.1,2.4,4.6,0.52,1,2.4,0.429,1.3,2.1,0.625,0.635,0.3,0.5,0.654,0.6,4.5,5.1,1.1,0.3,0.3,0.7,2.1,6.1
Dion Waiters,76,"$8,089,282",SG,28,MIA,3,0,14,3.3,8.7,0.385,2.7,5.7,0.471,0.7,3,0.222,0.538,0,0.3,0,0,3.7,3.7,1,0,0.7,1,1.7,9.3
Wesley Matthews,76,"$7,059,480",SG,33,MIL,62,62,24.7,2.6,6.5,0.397,1.6,4.5,0.365,0.9,2,0.468,0.522,0.8,1,0.762,0.3,2.2,2.6,1.5,0.6,0.1,0.7,1.5,7.5
Jahlil Okafor,76,"$16,229,213",C,24,NOP,28,9,15.1,3.1,5.1,0.611,0,0.1,0.5,3.1,5.1,0.613,0.615,1.3,2.1,0.638,1.6,2.6,4.3,1.3,0.3,0.7,1.3,2.3,7.6
Elfrid Payton,76,"$11,286,515",PG,25,NYK,45,36,27.7,4.3,9.8,0.439,0.3,1.5,0.203,4,8.2,0.482,0.455,1.1,1.9,0.57,1.2,3.6,4.7,7.2,1.6,0.4,2.1,2,10
Kevin Knox,76,"$12,603,656",SF,20,NYK,65,4,17.9,2.2,6.2,0.359,1,3.1,0.327,1.2,3.1,0.391,0.44,1,1.6,0.653,0.4,2.4,2.8,0.9,0.4,0.4,0.7,1.6,6.4
Jonathan Isaac,76,"$7,815,533",SF,22,ORL,32,32,29.7,4.7,10.1,0.463,0.9,2.8,0.33,3.7,7.2,0.515,0.509,1.8,2.3,0.767,1.8,5.2,6.9,1.4,1.6,2.4,1.5,2.5,12
Frank Kaminsky,76,"$2,564,753",C,26,PHO,32,13,22.4,4,8.7,0.455,1.2,3.5,0.348,2.8,5.2,0.527,0.525,1.8,2.8,0.67,0.9,4,4.9,2.2,0.4,0.3,1,2.2,11
Rodney Hood,76,"$14,654,179",SF,27,POR,21,21,29.5,4.1,8.2,0.506,1.7,3.4,0.493,2.5,4.8,0.515,0.608,1,1.3,0.778,0.5,3,3.4,1.5,0.8,0.2,0.9,2.2,11
Dewayne Dedmon,76,"$1,702,486",C,30,ATL,44,18,17.6,2.3,5.8,0.4,0.5,2.4,0.206,1.8,3.4,0.541,0.443,0.7,0.8,0.833,1.4,4.3,5.7,0.5,0.6,0.9,1.3,3,5.8
Michael Kidd-Gilchrist,76,"$8,000,000",PF-SF,26,DAL,21,0,11,0.9,2.9,0.317,0.2,1,0.25,0.7,1.9,0.35,0.358,0.4,0.5,0.818,0.6,2,2.6,0.6,0.1,0.2,0.6,1.5,2.5
Jae Crowder,76,"$4,380,120",SF,29,MIA,58,46,29.2,3.4,8.8,0.384,1.9,6.1,0.318,1.4,2.7,0.532,0.494,1.6,2.1,0.785,0.8,5.3,6.1,2.6,1.2,0.4,1.1,2.2,10.4
Jeff Green,76,"$5,806,440",PF,33,HOU,40,2,18.9,2.9,6.5,0.444,1.2,3.5,0.348,1.7,3.1,0.553,0.536,1.4,1.8,0.781,0.6,2.3,2.8,0.8,0.5,0.4,0.9,1.6,8.4
Gorgui Dieng,76,"$4,767,000",C,30,MEM,58,17,17.4,2.7,5.9,0.461,0.9,2.4,0.359,1.8,3.5,0.532,0.535,1.1,1.4,0.735,1.5,4.3,5.8,1.2,0.8,1,0.9,1.9,7.4
Marvin Williams,76,"$5,718,000",PF,33,MIL,52,1,19.4,2.1,4.8,0.442,1,2.8,0.361,1.1,2,0.552,0.546,0.9,1,0.87,0.4,2.5,2.8,1.1,0.7,0.5,0.5,1.8,6.1
Trevor Ariza,76,"$12,200,000",SF,34,POR,53,21,28.2,2.7,6.1,0.438,1.5,3.9,0.372,1.2,2.2,0.556,0.557,1.2,1.4,0.838,0.6,4,4.6,1.7,1.3,0.3,1.1,2.1,8
Emmanuel Mudiay,76,"$1,737,145",PG,23,UTA,48,1,15.7,2.8,6,0.471,0.6,1.6,0.355,2.3,4.4,0.512,0.517,1.1,1.4,0.754,0.4,2,2.4,2.2,0.4,0.2,1.4,1.3,7.3
Isaiah Thomas,76,"$2,320,044",PG,30,WAS,40,37,23.1,4.4,10.7,0.408,2,4.7,0.413,2.4,5.9,0.405,0.5,1.6,1.9,0.816,0.3,1.4,1.7,3.7,0.3,0.2,1.9,1.9,12.2
Wilson Chandler,75,"$2,564,753",SF,32,BRK,35,3,21,2.1,5.2,0.404,1.1,3.5,0.306,1.1,1.8,0.597,0.505,0.6,0.7,0.87,0.3,3.8,4.1,1.1,0.5,0.3,1,2.3,5.9
Rodions Kurucs,75,"$1,699,236",PF,21,BRK,39,4,12.8,1.5,3.4,0.448,0.6,1.7,0.385,0.9,1.8,0.507,0.541,0.4,0.7,0.607,0.5,2,2.5,0.8,0.4,0.1,0.9,1.7,4.2
Kris Dunn,75,"$5,348,007",PG,25,CHI,51,32,24.9,3,6.7,0.444,0.6,2.2,0.259,2.4,4.5,0.535,0.487,0.8,1.1,0.741,0.5,3.2,3.6,3.4,2,0.3,1.3,3.1,7.3
Malik Monk,75,"$4,028,400",SG,21,CHO,55,1,21.3,3.9,8.9,0.434,1.1,3.7,0.284,2.8,5.2,0.542,0.494,1.5,1.8,0.82,0.5,2.4,2.9,2.1,0.5,0.3,1.4,1.3,10.3
Bismack Biyombo,75,"$17,000,000",C,27,CHO,53,29,19.4,2.8,5.2,0.543,0,0,,2.8,5.2,0.543,0.543,1.7,2.8,0.603,2.3,3.5,5.8,0.9,0.2,0.9,0.9,2.2,7.4
Cedi Osman,75,"$2,907,143",SF,24,CLE,65,65,29.4,4.1,9.4,0.437,1.9,4.9,0.383,2.2,4.4,0.497,0.538,1,1.4,0.67,0.6,3,3.6,2.4,0.8,0.2,1.4,2.5,11
Luke Kennard,75,"$2,000,000",SG,23,DET,28,25,32.9,5.4,12.2,0.442,2.6,6.5,0.399,2.8,5.7,0.491,0.548,2.4,2.7,0.893,0.3,3.2,3.5,4.1,0.4,0.2,1.5,2.3,15.8
Robin Lopez,75,"$3,827,160",C,31,MIL,60,4,14.4,2.3,4.6,0.502,0.6,1.6,0.344,1.7,3,0.588,0.562,0.4,0.7,0.535,0.9,1.6,2.4,0.7,0.2,0.7,0.9,1.3,5.5
Kyle Korver,75,"$9,732,396",SF,38,MIL,50,0,16.7,2.2,5.2,0.429,1.7,4.1,0.415,0.5,1,0.481,0.595,0.6,0.7,0.824,0.3,1.8,2.1,1.2,0.4,0.2,0.8,1.4,6.7
George Hill,75,"$3,709,887",PG,33,MIL,52,0,21.2,3.4,6.5,0.53,1.4,2.9,0.48,2,3.5,0.571,0.638,1.3,1.6,0.831,0.9,2.1,3,2.9,0.8,0.1,0.9,1.4,9.6
Jake Layman,75,"$4,767,000",PF,25,MIN,23,2,22,3.5,7.8,0.453,1,3.1,0.333,2.5,4.7,0.533,0.52,1,1.4,0.75,0.7,1.7,2.5,0.7,0.7,0.4,1,2,9.1
Josh Hart,75,"$6,004,753",SF,24,NOP,57,14,27.4,3.5,8.4,0.416,1.9,5.7,0.342,1.6,2.7,0.571,0.531,1.2,1.6,0.747,0.9,5.5,6.5,1.6,1,0.4,1.1,2.5,10.2
Wayne Ellington,75,"$10,133,907",SG,32,NYK,36,1,15.5,1.7,4.8,0.351,1.4,4,0.35,0.3,0.9,0.355,0.494,0.3,0.4,0.846,0.1,1.7,1.8,1.2,0.4,0.1,0.5,1.1,5.1
Allonzo Trier,75,"$3,581,986",PG,24,NYK,24,1,12.1,2.1,4.4,0.481,0.8,2.2,0.358,1.3,2.2,0.604,0.571,1.4,1.8,0.791,0.3,1,1.2,1.2,0.1,0.2,0.9,1.2,6.5
Damyean Dotson,75,"$15,349,400",SG,25,NYK,48,0,17.4,2.5,6,0.414,1.2,3.4,0.362,1.3,2.6,0.48,0.516,0.5,0.7,0.667,0.2,1.7,1.9,1.2,0.5,0.1,0.4,0.9,6.7
Mike Scott,75,"$1,934,160",PF,31,PHI,63,10,17.8,2.1,5.1,0.408,1.2,3.2,0.358,0.9,1.8,0.496,0.522,0.4,0.5,0.833,0.9,2.7,3.6,0.8,0.3,0.1,0.4,1.3,5.7
Aron Baynes,75,"$8,000,000",C,33,PHO,42,28,22.2,4.4,9.1,0.48,1.4,4,0.351,3,5.1,0.582,0.558,1.3,1.8,0.747,1.7,4,5.6,1.6,0.2,0.5,1.2,3.4,11.5
Mikal Bridges,75,"$3,551,100",SF,23,PHO,65,24,27.3,3.2,6.3,0.516,0.9,2.4,0.352,2.4,3.8,0.621,0.585,1.4,1.6,0.848,0.9,3.1,4,1.8,1.4,0.6,1,2.2,8.7
Mario Hezonja,75,"$1,618,520",PF,24,POR,47,4,16.3,1.7,4,0.429,0.4,1.4,0.328,1.3,2.7,0.48,0.484,0.9,1.1,0.824,0.6,2.9,3.4,0.9,0.6,0.2,0.8,2,4.8
Richaun Holmes,75,"$4,767,000",C,26,SAC,39,33,28.8,5.4,8.2,0.654,0,0,,5.4,8.2,0.654,0.654,2.1,2.6,0.8,3,5.3,8.3,1,1,1.4,1.3,3.9,12.8
Marco Belinelli,75,"$5,453,280",SG,33,SAS,52,0,15,2,5.2,0.391,1.1,3,0.368,0.9,2.2,0.422,0.496,0.6,0.8,0.78,0.1,1.7,1.7,1.2,0.2,0,0.3,0.8,5.8
Trey Lyles,75,"$4,161,000",PF,24,SAS,63,53,20.2,2.4,5.4,0.446,1,2.7,0.387,1.4,2.8,0.503,0.541,0.5,0.7,0.733,1.1,4.6,5.7,1.1,0.4,0.4,0.6,1.6,6.4
Bryn Forbes,75,"$1,737,145",SG,26,SAS,63,62,25.1,3.8,9.2,0.417,2.3,6,0.388,1.5,3.2,0.47,0.544,1.2,1.4,0.833,0.2,1.8,2,1.7,0.5,0,0.9,1.8,11.2
Rondae Hollis-Jefferson,75,"$4,767,000",SF,25,TOR,52,5,19.2,2.7,5.7,0.471,0,0.3,0.118,2.6,5.3,0.493,0.475,1.8,2.5,0.736,2,2.9,4.9,1.7,0.8,0.4,0.9,2,7.2
Noah Vonleh,75,"$19,269,663",C-PF,24,DEN,33,1,11,1.5,2.7,0.562,0.1,0.5,0.2,1.4,2.2,0.635,0.579,0.7,0.9,0.8,1.1,2.6,3.7,0.8,0.3,0.2,0.6,1.2,3.8
John Henson,75,"$5,846,154",PF,29,DET,40,8,15,2.4,4.3,0.556,0.2,0.9,0.222,2.2,3.4,0.644,0.579,0.6,1.2,0.5,1.2,2.9,4.1,1.4,0.6,1.1,0.9,2,5.5
Shabazz Napier,75,"$5,500,000",PG,28,WAS,51,30,24.2,3.3,8.1,0.412,1.4,4.4,0.32,1.9,3.7,0.518,0.498,2.3,2.8,0.823,0.5,2.4,2.9,5,1.3,0.2,2.2,1.8,10.3
Kent Bazemore,75,"$2,875,000",SF-SG,30,SAC,64,21,25.1,2.9,7.7,0.374,1.2,3.6,0.342,1.7,4.2,0.401,0.453,1.7,2.2,0.768,0.4,4,4.3,1.3,1.1,0.6,1.3,2.8,8.7
James Johnson,75,"$2,500,000",PF,32,MIN,32,1,19.3,3.2,6.7,0.479,1,2.8,0.363,2.2,3.9,0.565,0.556,1,1.5,0.646,0.8,2.9,3.7,2.3,0.8,1,1.5,2.5,8.4
Markieff Morris,75,"$1,845,301",PF,30,LAL,52,16,21.3,3.6,8.2,0.445,1.6,4,0.386,2.1,4.1,0.502,0.54,1.3,1.6,0.783,0.7,3.2,3.8,1.4,0.5,0.3,1.4,2.3,10.1
Chandler Parsons,74,"$25,102,512",SF,31,ATL,5,0,10.8,1,3.6,0.278,0.8,2.8,0.286,0.2,0.8,0.25,0.389,0,0,,0.2,1.2,1.4,0.6,0.8,0.2,0.6,0.6,2.8
Robert Williams,74,"$1,937,520",C,22,BOS,23,1,14,1.8,2.7,0.677,0,0,,1.8,2.7,0.677,0.677,0.6,1.1,0.56,1.5,3.2,4.7,1,0.9,1.2,0.9,1.7,4.3
Denzel Valentine,74,"$3,377,568",SF,26,CHI,36,5,13.6,2.7,6.6,0.409,1.3,3.8,0.336,1.4,2.8,0.51,0.506,0.2,0.2,0.75,0.3,1.8,2.1,1.2,0.7,0.2,0.7,1.4,6.8
Justin Jackson,74,"$3,280,920",PF,24,DAL,58,2,16,2.1,5.4,0.399,0.8,2.6,0.298,1.4,2.8,0.494,0.471,0.6,0.8,0.818,0.5,2,2.4,0.8,0.2,0.2,0.2,1,5.7
Maxi Kleber,74,"$8,000,000",C,28,DAL,66,21,25.7,3.2,7.1,0.459,1.6,4.3,0.374,1.6,2.7,0.594,0.574,1,1.2,0.863,1.5,3.9,5.4,1.2,0.3,1.2,0.7,2.3,9.2
Seth Curry,74,"$7,461,380",SG,29,DAL,59,20,24.5,4.5,9,0.5,2.3,5.1,0.453,2.2,3.9,0.56,0.628,1.3,1.5,0.841,0.4,1.9,2.4,2,0.6,0.1,1,1.7,12.6
Torrey Craig,74,"$2,000,000",SF,29,DEN,50,19,17.4,1.9,4.2,0.462,0.7,2.2,0.33,1.2,2,0.606,0.548,0.4,0.6,0.645,1,2.2,3.1,0.7,0.4,0.6,0.4,2.2,5
Christian Wood,74,"$1,645,357",PF,24,DET,62,12,21.4,4.6,8.2,0.567,0.9,2.3,0.386,3.8,5.9,0.636,0.62,2.9,3.9,0.744,1.7,4.6,6.3,1,0.5,0.9,1.4,1.6,13.1
Doug McDermott,74,"$1,620,564",PF,28,IND,62,0,20,3.9,7.9,0.491,1.9,4.3,0.445,2,3.6,0.544,0.611,0.7,0.8,0.827,0.4,2.1,2.5,1.1,0.1,0.1,0.6,1.7,10.4
Quinn Cook,74,"$7,333,333",PG,26,LAL,38,0,10.8,2,4.6,0.439,0.7,1.7,0.379,1.3,2.8,0.477,0.512,0.2,0.2,0.667,0.2,0.9,1.1,1.1,0.3,0,0.7,0.6,4.8
Kyle Anderson,74,"$3,000,000",PF,26,MEM,59,20,19.3,2.3,4.7,0.493,0.3,1.1,0.258,2.1,3.7,0.56,0.521,0.7,1.1,0.652,0.9,3.4,4.4,2.2,0.8,0.5,0.9,1.4,5.7
Dillon Brooks,74,"$9,073,050",SG,24,MEM,65,65,28.5,5.7,14.2,0.402,2,5.5,0.369,3.7,8.7,0.423,0.474,2.2,2.7,0.809,0.9,2.3,3.3,2,0.9,0.4,1.7,3.8,15.7
Pat Connaughton,74,"$1,618,520",SG,27,MIL,61,1,18.3,2,4.3,0.456,0.7,2.2,0.321,1.2,2,0.605,0.54,0.4,0.6,0.75,0.9,3.3,4.2,1.6,0.3,0.5,0.8,1,5.1
Jaxson Hayes,74,"$1,723,050",C,19,NOP,56,12,17,2.8,4.2,0.66,0,0.1,0.25,2.8,4.1,0.667,0.662,1.9,3.1,0.63,1.5,2.5,4,0.9,0.4,0.9,0.7,2.5,7.5
E'Twaun Moore,74,"$4,862,040",SG,30,NOP,51,5,18.8,3.4,8,0.424,1.2,3.1,0.375,2.2,4.9,0.456,0.498,0.6,0.8,0.674,0.6,1.8,2.4,1.4,0.5,0.2,0.7,1.5,8.6
Reggie Bullock,74,"$8,664,928",SG,28,NYK,29,19,23.6,3.1,7.7,0.402,1.3,3.8,0.333,1.8,3.9,0.469,0.484,0.6,0.7,0.81,0.4,1.9,2.3,1.4,0.9,0.1,0.7,1.9,8.1
Khem Birch,74,"$4,000,000",C,27,ORL,40,24,19.4,1.4,2.9,0.487,0,0,0,1.4,2.9,0.491,0.487,1,1.7,0.612,1.8,2.8,4.5,0.9,0.4,0.5,0.6,1.8,3.8
Markelle Fultz,74,"$3,000,000",PG,21,ORL,64,59,28.3,5,10.6,0.473,0.5,1.8,0.254,4.5,8.7,0.52,0.496,1.6,2.2,0.723,0.5,2.8,3.3,5.2,1.3,0.2,2,2,12.1
Kyle O'Quinn,74,"$9,745,200",C,29,PHI,26,1,9.9,1.3,2.8,0.486,0.3,0.9,0.304,1.1,1.9,0.571,0.535,0.4,0.7,0.526,1.2,2.5,3.8,1.3,0.2,0.8,0.7,1.3,3.3
Tyler Johnson,74,"$2,174,318",SG,27,PHO,31,3,16.6,2.1,5.5,0.38,0.8,2.7,0.289,1.3,2.8,0.466,0.45,0.8,1,0.75,0.3,1.4,1.7,1.6,0.4,0.3,0.8,1.4,5.7
Cheick Diallo,74,"$1,882,867",C,23,PHO,44,2,10.6,2,3.1,0.65,0,0,0.5,2,3.1,0.652,0.653,0.7,0.8,0.865,0.6,2.3,2.9,0.5,0.2,0.3,0.7,1.2,4.8
Zach Collins,74,"$19,245,370",PF,22,POR,3,3,28.7,3,6.3,0.474,1,2.3,0.429,2,4,0.5,0.553,2,2,1,1.3,2.7,4,2,0,0.7,2,3.7,9
Yogi Ferrell,74,"$1,678,854",PG,26,SAC,44,0,11,1.5,3.8,0.396,0.4,1.6,0.275,1.1,2.3,0.48,0.453,0.7,0.8,0.865,0.1,1,1.1,1.3,0.3,0.1,0.6,0.7,4.2
Cory Joseph,74,"$4,240,200",PG,28,SAC,64,22,24,2.4,5.8,0.42,0.7,2.1,0.351,1.7,3.7,0.46,0.484,0.8,0.9,0.828,0.6,2,2.5,3.4,0.7,0.3,1,1.9,6.3
Harry Giles,74,"$3,150,000",PF,21,SAC,38,17,15.2,3.1,5.4,0.56,0,0,,3.1,5.4,0.56,0.56,0.9,1.1,0.767,0.9,3.3,4.2,1.3,0.6,0.4,0.9,2.6,7
Norman Powell,74,"$12,000,000",SG,26,TOR,44,23,28.8,5.9,11.7,0.502,2.1,5.4,0.398,3.8,6.4,0.589,0.593,2.5,3,0.838,0.5,3.1,3.7,1.8,1.3,0.4,1.5,2.1,16.4
Jordan Bell,74,"$2,578,800",C-PF,25,HOU,29,0,8.8,1.2,2.3,0.522,0.1,0.4,0.333,1.1,1.9,0.564,0.552,0.7,1.1,0.613,1,1.8,2.8,0.6,0.1,0.3,0.7,0.7,3.2
Glenn Robinson III,74,"$10,116,576",SF,26,PHI,60,52,29.1,4.7,9.6,0.486,1.2,3.2,0.387,3.5,6.5,0.535,0.55,1.2,1.4,0.867,1.3,3,4.3,1.6,0.9,0.3,0.9,1.6,11.8
Rui Hachimura,74,"$4,469,160",PF,21,WAS,41,41,29.7,5.3,11.1,0.478,0.5,1.8,0.274,4.8,9.3,0.517,0.5,2.2,2.7,0.829,1.5,4.5,6,1.7,0.8,0.2,1,2.2,13.4
Evan Turner,73,"$18,606,556",PG,31,ATL,19,0,13.2,1.3,3.5,0.373,0,0.3,0,1.3,3.3,0.403,0.373,0.6,0.7,0.857,0.4,1.6,2,2,0.5,0.4,1.4,1.1,3.3
Brad Wanamaker,73,"$1,445,697",PG,30,BOS,63,1,19.3,2.2,5,0.428,0.5,1.4,0.367,1.6,3.6,0.452,0.48,1.7,1.8,0.931,0.3,1.7,2,2.5,0.8,0.2,1.1,1.9,6.6
Semi Ojeleye,73,"$1,618,520",PF,25,BOS,61,5,14.6,1.1,2.6,0.409,0.6,1.6,0.367,0.5,1,0.475,0.522,0.4,0.5,0.893,0.4,1.6,2,0.5,0.3,0.1,0.2,1,3.1
Vincent Poirier,73,"$2,505,793",C,26,BOS,21,0,5.4,0.8,1.6,0.485,0,0.1,0.5,0.7,1.5,0.484,0.5,0.3,0.3,0.857,0.5,1.1,1.6,0.3,0.1,0.3,0.3,1.1,1.9
Garrett Temple,73,"$4,767,000",SG,33,BRK,55,31,28.1,3.6,9.5,0.378,2,6.3,0.324,1.6,3.2,0.483,0.485,1,1.3,0.767,0.5,2.9,3.5,2.6,0.8,0.5,1,1.7,10.3
David Nwaba,73,"$1,678,854",SF,27,BRK,20,0,13.4,1.9,3.6,0.521,0.6,1.4,0.429,1.3,2.2,0.581,0.606,0.9,1.4,0.667,0.4,1.9,2.3,0.4,0.6,0.6,0.4,1.6,5.2
Shaquille Harrison,73,"$1,620,564",SF,26,CHI,43,10,11.3,1.8,3.8,0.467,0.4,1,0.381,1.4,2.9,0.496,0.515,0.9,1.2,0.78,0.5,1.5,2,1.1,0.8,0.4,0.4,1.3,4.9
Dwayne Bacon,73,"$1,618,520",SG,24,CHO,39,11,17.6,2.2,6.3,0.348,0.5,1.7,0.284,1.7,4.5,0.373,0.387,0.9,1.4,0.66,0.4,2.2,2.6,1.3,0.6,0.1,0.9,1.3,5.7
Matthew Dellavedova,73,"$9,607,500",PG,29,CLE,57,4,14.4,1.1,3.1,0.354,0.4,1.6,0.231,0.7,1.5,0.488,0.414,0.6,0.6,0.865,0.3,1,1.3,3.2,0.4,0,1,1.4,3.1
Dorian Finney-Smith,73,"$4,000,000",PF,26,DAL,64,61,29.7,3.3,7.1,0.468,1.5,4.1,0.374,1.8,3,0.599,0.577,1.1,1.5,0.722,2,3.5,5.5,1.5,0.7,0.6,1,2.4,9.3
Sekou Doumbouya,73,"$3,285,120",SF,19,DET,38,19,19.8,2.4,6.2,0.39,0.7,2.6,0.286,1.7,3.6,0.464,0.449,0.8,1.2,0.674,0.5,2.6,3.1,0.5,0.5,0.2,0.9,2.1,6.4
Bruce Brown,73,"$1,416,852",SG,23,DET,58,43,28.2,3.4,7.7,0.443,0.6,1.7,0.344,2.8,6.1,0.47,0.48,1.5,2.1,0.739,1.1,3.7,4.7,4,1.1,0.5,1.7,2.8,8.9
Tony Snell,73,"$11,392,857",SF,28,DET,59,57,27.8,2.9,6.5,0.445,1.7,4.3,0.402,1.2,2.2,0.531,0.579,0.5,0.5,1,0.2,1.7,1.9,2.2,0.5,0.3,0.5,1.7,8
Omari Spellman,73,"$1,897,800",PF,22,GSW,49,3,18.1,2.6,6,0.431,0.9,2.2,0.391,1.7,3.8,0.454,0.503,1.5,1.9,0.793,1.6,2.9,4.5,1,0.7,0.5,1.1,1.3,7.6
Danuel House,73,"$3,540,000",SF,26,HOU,58,47,30,3.6,8.3,0.427,1.9,5.4,0.363,1.6,2.9,0.544,0.545,1.2,1.5,0.8,1,3.3,4.2,1.3,1.1,0.6,0.8,2.1,10.2
Tyson Chandler,73,"$2,564,753",C,37,HOU,26,5,8.4,0.5,0.7,0.778,0,0,,0.5,0.7,0.778,0.778,0.2,0.5,0.462,1,1.6,2.5,0.2,0.2,0.3,0.3,1.2,1.3
Aaron Holiday,73,"$2,239,200",PG,23,IND,58,26,23.6,3.5,8.6,0.407,1.4,3.5,0.394,2.1,5.1,0.416,0.488,1.1,1.2,0.861,0.4,1.9,2.3,3.3,0.8,0.2,1.3,1.8,9.4
Alex Caruso,73,"$2,750,000",PG,25,LAL,58,1,17.8,1.9,4.5,0.423,0.7,1.8,0.355,1.2,2.6,0.471,0.496,1,1.3,0.763,0.2,1.7,1.9,1.8,1,0.3,0.8,1.5,5.4
Tyus Jones,73,"$9,258,000",PG,23,MEM,65,6,19,3,6.6,0.459,0.7,1.9,0.379,2.3,4.7,0.492,0.514,0.7,0.9,0.741,0.1,1.4,1.6,4.4,0.9,0.1,0.8,0.7,7.4
Brandon Clarke,73,"$2,478,840",PF,23,MEM,50,3,21.7,5.1,8.2,0.623,0.4,1,0.404,4.7,7.1,0.654,0.648,1.5,1.9,0.785,1.6,4.3,5.8,1.4,0.5,0.8,0.9,1.6,12
Tyler Herro,73,"$3,640,200",SG,20,MIA,47,6,27.2,4.7,11.3,0.414,2.1,5.4,0.391,2.6,5.9,0.434,0.507,1.4,1.7,0.835,0.3,3.7,4,1.9,0.6,0.1,1.5,1.3,12.9
Sterling Brown,73,"$1,618,520",SF,24,MIL,45,1,14.8,1.8,4.8,0.367,0.8,2.5,0.316,1,2.3,0.423,0.45,0.6,0.8,0.771,0.6,3,3.7,1,0.5,0.2,0.8,1,5
Josh Okogie,73,"$2,530,680",SG,21,MIN,62,28,25,2.7,6.4,0.427,0.7,2.5,0.266,2.1,3.9,0.529,0.479,2.5,3.1,0.796,1.4,2.9,4.3,1.6,1.1,0.4,1.4,2.2,8.6
Frank Ntilikina,73,"$17,818,456",PG,21,NYK,57,26,20.8,2.3,5.8,0.393,0.8,2.4,0.321,1.5,3.4,0.444,0.459,0.9,1,0.864,0.4,1.7,2.1,3,0.9,0.3,1.2,2.5,6.3
Mike Muscala,73,"$4,855,800",C,28,OKC,41,0,12,1.6,3.9,0.403,1,2.9,0.358,0.5,1,0.538,0.538,0.4,0.5,0.818,0.3,2,2.3,0.8,0.2,0.3,0.3,1.2,4.6
Furkan Korkmaz,73,"$2,028,594",SG,22,PHI,64,12,21.8,3.5,8,0.432,2,5,0.397,1.5,3.1,0.487,0.554,0.8,1.1,0.736,0.3,2.1,2.3,1.1,0.6,0.2,0.8,1.4,9.7
Nassir Little,73,"$1,882,867",PF,19,POR,48,5,11.9,1.4,3.1,0.43,0.3,1.2,0.237,1.1,1.9,0.554,0.477,0.6,0.9,0.636,0.6,1.6,2.3,0.5,0.3,0.3,0.3,1.5,3.6
Lonnie Walker,73,"$1,620,564",SG,21,SAS,53,4,14.5,2.2,5,0.434,0.5,1.3,0.408,1.6,3.7,0.444,0.489,0.7,1,0.717,0.4,1.8,2.2,0.9,0.5,0.2,0.6,1.3,5.6
Stanley Johnson,73,"$2,320,044",PF,23,TOR,20,0,4.8,0.4,1.6,0.258,0.1,0.7,0.154,0.3,0.9,0.333,0.29,0.3,0.3,0.833,0.2,1,1.1,0.4,0.2,0.1,0.4,0.5,1.2
OG Anunoby,73,"$1,788,296",SF,22,TOR,63,62,30.1,4.2,8.4,0.507,1.3,3.4,0.381,2.9,5,0.593,0.584,0.9,1.4,0.686,1.2,4.2,5.4,1.6,1.4,0.7,1.2,2.5,10.7
Jonah Bolden,73,"$2,105,520",PF,24,PHO,7,0,6.7,0.6,1.6,0.364,0,0.6,0,0.6,1,0.571,0.364,0.3,0.6,0.5,0.4,0.9,1.3,0,0.4,0.3,0.3,1.4,1.4
Allen Crabbe,73,"$2,764,200",SG,27,MIN,37,1,17.6,1.7,4.8,0.356,1,3.2,0.303,0.7,1.6,0.466,0.458,0.3,0.4,0.714,0.3,1.8,2.1,0.9,0.4,0.1,0.5,1.3,4.6
James Ennis,73,"$3,623,000",SF,29,ORL,61,10,17.3,2.1,4.8,0.435,0.8,2.3,0.338,1.3,2.5,0.523,0.515,1,1.3,0.808,1,2.3,3.3,0.9,0.5,0.3,0.7,1.8,6
Alec Burks,73,"$2,281,800",SG,28,PHI,59,18,27.3,4.8,11.9,0.404,1.7,4.6,0.366,3.1,7.3,0.428,0.475,3.8,4.3,0.896,0.7,3.7,4.4,2.9,1,0.3,1.4,2,15.1
Royce O'Neale,73,"$1,618,520",PF,26,UTA,64,55,29.1,2.2,5,0.439,1.3,3.3,0.389,0.9,1.7,0.536,0.567,0.6,0.8,0.735,0.3,5,5.3,2.5,0.7,0.4,0.8,2.8,6.3
Ian Mahinmi,73,"$15,450,051",C,33,WAS,38,35,21.3,2.7,5.5,0.495,0.1,0.7,0.192,2.6,4.8,0.538,0.507,1.8,3,0.619,2.1,3.7,5.7,1.3,0.8,1.2,1.2,3,7.4
Romeo Langford,72,"$3,458,400",SG,20,BOS,27,1,11,0.9,2.4,0.375,0.2,0.9,0.217,0.7,1.5,0.463,0.414,0.6,0.9,0.696,0.5,0.7,1.2,0.2,0.3,0.2,0.3,1.1,2.6
Grant Williams,72,"$2,379,840",PF,21,BOS,62,5,15.6,1.3,3.1,0.417,0.3,1.4,0.247,1,1.7,0.551,0.471,0.6,0.8,0.725,0.9,1.7,2.7,1,0.5,0.5,0.7,2.4,3.5
Nicolas Claxton,72,"$898,310",PF,20,BRK,15,0,12.5,1.8,3.2,0.563,0.1,0.5,0.143,1.7,2.7,0.634,0.573,0.7,1.4,0.524,1.3,1.7,2.9,1.1,0.1,0.5,0.6,0.9,4.4
Chandler Hutchison,72,"$2,332,320",SF,23,CHI,28,10,18.8,2.9,6.3,0.457,0.4,1.4,0.316,2.4,4.9,0.496,0.491,1.6,2.8,0.59,0.6,3.2,3.9,0.9,1,0.3,1,1.7,7.8
Ryan Arcidiacono,72,"$3,000,000",PG,25,CHI,58,4,16,1.6,3.8,0.409,0.9,2.4,0.391,0.6,1.4,0.439,0.532,0.5,0.7,0.711,0.3,1.6,1.9,1.7,0.5,0.1,0.6,1.7,4.5
Alfonzo McKinnie,72,"$2,391,985",SF,27,CLE,40,1,14.8,1.8,4.3,0.427,0.4,1.6,0.215,1.5,2.7,0.557,0.468,0.6,0.8,0.71,0.9,1.9,2.8,0.4,0.6,0.2,0.7,1.8,4.6
Ryan Broekhoff,72,"$1,416,852",SG,29,DAL,17,1,10.6,1.3,3.5,0.373,1.2,3,0.392,0.1,0.5,0.25,0.542,0.4,0.5,0.875,0.3,2.2,2.5,0.6,0.3,0.2,0.4,0.9,4.2
Courtney Lee,72,"$12,759,670",SG,34,DAL,24,9,14.4,1.7,3.4,0.488,0.9,2,0.447,0.8,1.5,0.543,0.616,0.3,0.3,0.857,0.3,1,1.3,0.5,0.8,0.3,0.5,1.4,4.5
Tim Frazier,72,"$1,620,564",PG,29,DET,27,11,13.1,1.3,3.5,0.362,0.4,1.1,0.333,0.9,2.4,0.375,0.415,0.7,0.9,0.792,0.3,0.9,1.2,3.4,0.5,0.1,1.3,1.6,3.6
Thon Maker,72,"$3,569,643",C,22,DET,60,14,12.9,1.6,3.2,0.482,0.4,1.1,0.344,1.2,2.2,0.55,0.539,1.2,1.8,0.664,0.9,1.9,2.8,0.7,0.4,0.7,0.8,1.7,4.7
Langston Galloway,72,"$7,333,333",SG,28,DET,66,6,25.8,3.6,8.2,0.435,2,5,0.399,1.6,3.2,0.493,0.557,1.1,1.3,0.859,0.5,1.8,2.3,1.5,0.7,0.2,0.6,1.5,10.3
Goga Bitadze,72,"$15,643,750",C,20,IND,49,2,8.4,1.2,2.6,0.473,0.1,0.7,0.167,1.1,1.9,0.591,0.496,0.5,0.7,0.727,0.4,1.5,2,0.4,0.1,0.7,0.5,1.2,3.1
Justin Holiday,72,"$2,816,760",SG,30,IND,65,2,24.9,2.9,6.6,0.44,1.9,4.4,0.424,1,2.2,0.472,0.581,0.7,0.9,0.78,0.5,2.7,3.2,1.3,1.2,0.6,0.6,1.8,8.4
Rodney McGruder,72,"$4,767,000",SG,28,LAC,50,3,15,1.2,3.1,0.391,0.4,1.6,0.278,0.8,1.5,0.506,0.462,0.3,0.6,0.536,0.5,2,2.6,0.6,0.5,0.2,0.4,1.3,3.2
Jared Dudley,72,"$4,807,693",SF,34,LAL,40,1,7.8,0.5,1.3,0.4,0.4,0.9,0.471,0.1,0.4,0.25,0.56,0.1,0.1,1,0.1,1,1.1,0.5,0.3,0.1,0.2,0.9,1.5
De'Anthony Melton,72,"$2,564,753",PG,21,MEM,52,8,19.4,2.8,6.8,0.419,0.7,2.3,0.316,2.1,4.5,0.47,0.472,1.7,2,0.821,0.7,3,3.7,3,1.3,0.3,1.5,1.8,8.1
Grayson Allen,72,"$1,416,852",SG,24,MEM,30,0,16.6,2.6,5.9,0.449,1.1,3,0.363,1.5,2.8,0.541,0.543,1,1.2,0.857,0.2,2,2.2,1.4,0.2,0,0.8,1.2,7.4
Anthony Tolliver,72,"$2,429,400",PF,34,MEM,5,0,19.2,1.6,4.2,0.381,1.4,3.4,0.412,0.2,0.8,0.25,0.548,0.8,0.8,1,0.2,2.2,2.4,0.2,0.6,0.2,1,0.8,5.4
Donte DiVincenzo,72,"$2,564,753",SG,23,MIL,59,22,23.1,3.5,7.7,0.462,1.3,3.7,0.344,2.3,3.9,0.576,0.546,1,1.3,0.769,1,3.9,4.9,2.3,1.4,0.3,1.2,1.6,9.4
Kenrich Williams,72,"$2,564,753",PF,25,NOP,35,18,22.3,1.4,4.1,0.343,0.7,2.7,0.26,0.7,1.3,0.511,0.43,0.3,0.7,0.375,1.4,3.7,5.1,1.5,0.7,0.6,0.6,2.3,3.8
Nickeil Alexander-Walker,72,"$2,905,800",SG,21,NOP,41,0,12.2,1.9,5.5,0.339,1,2.9,0.342,0.9,2.7,0.336,0.427,0.4,0.7,0.607,0.2,1.8,2,1.8,0.3,0.2,1,1.1,5.1
Michael Carter-Williams,72,"$1,416,852",SG,28,ORL,42,0,18.4,2.5,5.8,0.434,0.5,1.6,0.294,2,4.1,0.489,0.475,1.7,2.1,0.828,1,2.3,3.3,2.4,1.1,0.5,1.1,1.9,7.2
Wesley Iwundu,72,"$2,964,840",SF,25,ORL,45,18,18,1.7,4.3,0.397,0.5,1.5,0.313,1.2,2.8,0.441,0.451,1.4,1.7,0.816,0.5,2,2.5,1,0.6,0.2,0.4,1.4,5.3
Zhaire Smith,72,"$2,028,594",SG,20,PHI,7,0,4.6,0.4,1.6,0.273,0,0.4,0,0.4,1.1,0.375,0.273,0.3,0.6,0.5,0,0.3,0.3,0.3,0.4,0,0.3,0.6,1.1
Matisse Thybulle,72,"$1,618,520",SG,22,PHI,57,13,19.5,1.7,4.1,0.41,0.9,2.5,0.352,0.8,1.6,0.5,0.517,0.4,0.7,0.61,0.6,0.9,1.5,1.2,1.4,0.7,0.8,2.1,4.7
Raul Neto,72,"$3,058,800",PG,27,PHI,49,3,11.5,1.6,3.6,0.451,0.6,1.4,0.394,1,2.1,0.49,0.531,0.5,0.6,0.839,0.2,0.8,1.1,1.6,0.4,0.1,0.9,0.9,4.3
Ty Jerome,72,"$2,582,160",PG,22,PHO,28,0,11.3,1.3,3.8,0.349,0.5,1.7,0.277,0.9,2.1,0.407,0.41,0.4,0.5,0.786,0.2,1.3,1.5,1.5,0.5,0.1,0.6,1,3.5
Cameron Johnson,72,"$1,737,145",PF,23,PHO,49,1,20.3,2.8,6.6,0.418,1.9,4.7,0.397,0.9,2,0.469,0.558,0.7,0.9,0.761,0.8,2.1,2.9,1.1,0.6,0.3,0.6,1.5,8.1
Anfernee Simons,72,"$2,193,480",SG,20,POR,65,4,21.5,3.2,8.1,0.402,1.1,3.4,0.338,2.1,4.7,0.448,0.472,1.2,1.4,0.826,0.4,1.9,2.3,1.5,0.4,0.2,0.9,2,8.8
Keldon Johnson,72,"$4,033,440",SF,20,SAS,9,0,10.2,1.8,3.4,0.516,0.2,0.6,0.4,1.6,2.9,0.538,0.548,0.8,1.1,0.7,0.6,1.3,1.9,0.7,0.6,0.1,0.3,1,4.6
Patrick McCaw,72,"$2,487,033",SF,24,TOR,37,12,24.5,1.8,4.4,0.414,0.6,1.9,0.324,1.2,2.5,0.484,0.485,0.4,0.5,0.722,0.5,1.8,2.3,2.1,1.1,0.1,0.8,1.6,4.6
Matt Thomas,72,"$2,149,560",SG,25,TOR,33,0,9.7,1.6,3.4,0.486,1.1,2.3,0.467,0.6,1.1,0.528,0.644,0.2,0.3,0.7,0.2,1.2,1.5,0.5,0.2,0,0.4,0.9,4.5
Anthony Tolliver,72,"$1,950,600",PF,34,MEM,47,9,15.6,1.1,3.3,0.348,0.8,2.6,0.322,0.3,0.7,0.441,0.474,0.4,0.5,0.72,0.6,2.2,2.8,0.7,0.3,0.2,0.6,1.4,3.5
Brandon Knight,72,"$4,000,000",PG,28,DET,25,3,18.5,2.4,6.7,0.353,1.8,5.2,0.344,0.6,1.4,0.389,0.488,0.8,1.4,0.588,0.2,1.5,1.6,2.8,0.4,0.1,1.5,1.6,7.3
Troy Daniels,72,"$898,310",SG,28,PHO,42,0,10.9,1.5,3.8,0.39,1,2.7,0.354,0.5,1.1,0.478,0.516,0.2,0.4,0.625,0.3,0.8,1.1,0.3,0.2,0.1,0.2,0.7,4.1
Georges Niang,72,"$1,645,357",PF,26,UTA,58,0,13.3,2.1,4.6,0.453,1.3,3.2,0.416,0.7,1.4,0.538,0.598,0.3,0.4,0.864,0.2,1.7,1.9,0.6,0.2,0.1,0.4,1.1,5.8
Bruno Fernando,71,"$1,400,000",C,21,ATL,56,13,12.7,1.8,3.6,0.518,0.1,0.7,0.135,1.8,2.9,0.605,0.53,0.5,0.9,0.569,1.2,2.3,3.5,0.9,0.3,0.3,0.8,1.9,4.3
Carsen Edwards,71,"$1,645,357",SG,21,BOS,35,0,9,1.1,3.2,0.327,0.6,1.9,0.309,0.5,1.3,0.356,0.42,0.3,0.4,0.846,0.2,1.1,1.2,0.6,0.3,0.1,0.4,0.9,3
Luke Kornet,71,"$1,228,026",C,24,CHI,36,14,15.5,2.3,5.2,0.439,0.9,3,0.287,1.4,2.2,0.646,0.521,0.6,0.8,0.714,0.6,1.7,2.3,0.9,0.3,0.7,0.4,1.5,6
Daniel Gafford,71,"$2,250,000",C,21,CHI,43,7,14.2,2.2,3.1,0.701,0,0,,2.2,3.1,0.701,0.701,0.7,1.4,0.533,1.2,1.3,2.5,0.5,0.3,1.3,0.7,2.3,5.1
Eric Paschall,71,"$898,310",PF,23,GSW,60,26,27.6,5.3,10.7,0.497,0.6,2.2,0.287,4.7,8.5,0.55,0.526,2.7,3.5,0.774,1.4,3.2,4.6,2.1,0.5,0.2,1.6,2.1,14
Ben McLemore,71,"$898,310",SG,26,HOU,63,19,22.8,3.3,7.5,0.445,2.4,6.2,0.395,0.9,1.3,0.688,0.609,0.7,1,0.758,0.3,1.9,2.2,0.9,0.6,0.2,0.7,2.1,9.8
JaKarr Sampson,71,"$2,028,594",SF,26,IND,26,10,13.1,1.8,3.1,0.593,0.1,0.5,0.154,1.8,2.6,0.676,0.605,0.4,0.8,0.55,0.6,1.7,2.3,0.3,0.3,0.3,0.3,1.7,4.2
Edmond Sumner,71,"$1,737,145",PG,24,IND,25,2,13.8,1.9,4.4,0.423,0.4,1.5,0.263,1.5,2.9,0.507,0.468,0.4,0.6,0.667,0.4,1.1,1.5,1.6,0.6,0.3,0.8,1.4,4.6
KZ Okpala,71,"$2,000,000",SF,20,MIA,5,0,5.2,0.6,1,0.6,0,0.2,0,0.6,0.8,0.75,0.6,0.2,0.4,0.5,0.2,0.8,1,0.2,0.4,0.2,0.2,0.4,1.4
Frank Jackson,71,"$898,310",PG,21,NOP,51,1,12.9,1.9,5,0.385,0.8,2.4,0.325,1.2,2.7,0.438,0.461,0.9,1.3,0.75,0.4,1,1.4,0.8,0.3,0.1,0.8,1.3,5.6
Terrance Ferguson,71,"$1,925,880",SF,21,OKC,50,37,23.4,1.5,4,0.372,0.9,3.1,0.297,0.6,0.9,0.636,0.487,0.3,0.4,0.789,0.5,1,1.5,0.9,0.5,0.3,0.6,2.9,4.2
Shake Milton,71,"$1,618,520",SG,23,PHI,32,16,19.1,3.4,6.8,0.498,1.5,3.3,0.453,1.9,3.5,0.541,0.608,1.2,1.6,0.765,0.3,1.8,2.1,2.2,0.6,0.2,1.2,2.2,9.5
Elie Okobo,71,"$2,475,840",PG,22,PHO,54,3,13.1,1.3,3.4,0.398,0.5,1.3,0.352,0.9,2,0.427,0.467,0.9,1.2,0.687,0.3,1.3,1.6,2.1,0.4,0.1,0.7,1,4
Jevon Carter,71,"$1,445,697",PG,24,PHO,50,2,15.1,1.6,4.1,0.4,0.9,2.3,0.393,0.7,1.8,0.409,0.512,0.4,0.5,0.84,0.5,1.5,2,1.3,0.8,0.3,0.6,1.5,4.6
Chimezie Metu,71,"$1,416,852",PF,22,SAS,16,0,4.6,1.3,2.2,0.571,0,0.1,0,1.3,2.1,0.588,0.571,0.4,0.5,0.75,0.6,1,1.6,0.4,0.1,0.3,0.3,0.3,2.9
Chris Boucher,71,"$1,416,852",PF,27,TOR,55,0,13.2,2.2,4.7,0.458,0.5,1.8,0.283,1.7,2.9,0.565,0.512,1.5,1.9,0.796,1.7,2.7,4.4,0.4,0.4,1,0.4,1.9,6.3
Treveon Graham,71,"$1,416,852",SG,26,ATL,55,20,16.9,1.6,4.4,0.36,0.6,2.2,0.275,1,2.2,0.443,0.428,0.7,1,0.643,0.9,1.8,2.7,0.8,0.4,0.1,0.5,1.9,4.4
Jerome Robinson,71,"$1,588,231",SG,22,WAS,55,4,13.6,1.4,3.9,0.347,0.6,1.9,0.298,0.8,2,0.393,0.419,0.4,0.5,0.69,0.2,1.8,1.9,1.2,0.4,0.3,0.6,1.5,3.7
Jacob Evans,71,"$3,567,720",SG,22,MIN,29,1,14.4,1.6,4.6,0.336,0.4,1.3,0.333,1.1,3.3,0.337,0.384,0.9,1,0.862,0.3,1.1,1.4,1.1,0.4,0.4,0.9,1.4,4.4
Admiral Schofield,71,"$1,000,000",SF,22,WAS,27,2,10.9,1.1,2.8,0.4,0.5,1.7,0.298,0.6,1,0.571,0.493,0.3,0.5,0.692,0.2,1,1.3,0.5,0.3,0.1,0.3,1.5,3.1
Moritz Wagner,71,"$2,063,520",C,22,WAS,37,5,19.1,3.5,6.2,0.575,0.6,1.8,0.343,2.9,4.4,0.671,0.625,1.8,2.2,0.817,1.4,3.8,5.2,1.3,0.6,0.5,1.5,3.6,9.5
Sviatoslav Mykhailiuk,70,"$1,416,852",SF,22,DET,56,27,22.6,3,7.2,0.41,2.1,5.1,0.404,0.9,2.1,0.425,0.552,1,1.3,0.814,0.3,1.6,1.9,1.9,0.7,0.1,1.1,1.6,9
Jordan Poole,70,"$1,416,852",SG,20,GSW,57,14,22.4,2.9,8.8,0.333,1.3,4.6,0.279,1.6,4.2,0.392,0.406,1.7,2.1,0.798,0.2,1.9,2.1,2.4,0.6,0.2,1.3,1.6,8.8
Alize Johnson,70,"$1,416,852",SF,23,IND,13,0,4.2,0.5,1.2,0.467,0,0,,0.5,1.2,0.467,0.467,0.3,0.5,0.667,0.5,0.8,1.4,0.2,0,0,0.2,0.5,1.4
Johnathan Motley,70,"$1,964,760",PF,24,LAC,13,0,3.2,0.8,1.2,0.733,0.1,0.1,1,0.8,1.1,0.714,0.767,0.4,0.5,0.714,0.2,0.5,0.8,0.6,0.2,0,0.4,0.5,2.2
Talen Horton-Tucker,70,"$1,416,852",SG,19,LAL,2,0,2.5,0,0.5,0,0,0.5,0,0,0,,0,0,0,,0,0,0,1,0.5,0,0,0,0
Thanasis Antetokounmpo,70,"$79,568",SF,27,MIL,18,2,5.2,1.1,2,0.528,0,0.4,0,1.1,1.6,0.655,0.528,0.4,0.8,0.467,0.6,0.4,1.1,0.5,0.3,0.1,0.6,0.7,2.5
Naz Reid,70,"$898,310",C,20,MIN,30,11,16.5,3.3,8.1,0.412,1.1,3.2,0.33,2.3,4.9,0.466,0.477,1.2,1.8,0.698,1.1,3,4.1,1.2,0.6,0.7,0.7,2.8,9
Ignas Brazdeikis,70,"$13,290,395",SF,21,NYK,9,0,5.9,0.7,2.4,0.273,0.1,1,0.111,0.6,1.4,0.385,0.295,0.4,0.6,0.8,0.2,0.3,0.6,0.4,0,0.1,0.2,0.3,1.9
Hamidou Diallo,70,"$1,445,697",SF,21,OKC,38,3,18.4,2.6,5.8,0.452,0.2,0.9,0.2,2.4,4.8,0.5,0.468,0.7,1.2,0.622,0.8,2.4,3.2,0.6,0.7,0.2,1,2.2,6.1
Deonte Burton,70,"$898,310",SG,26,OKC,34,0,8.4,1.1,3.1,0.371,0.3,1.4,0.217,0.9,1.7,0.492,0.419,0.2,0.4,0.5,0.2,1.2,1.4,0.3,0.1,0.3,0.4,0.8,2.8
Darius Bazley,70,"$898,310",PF,19,OKC,53,8,17.2,1.7,4.3,0.383,0.6,1.9,0.3,1.1,2.5,0.446,0.448,0.6,0.9,0.681,0.4,3.3,3.7,0.5,0.4,0.7,0.8,0.8,4.5
Abdel Nader,70,"$1,416,852",SF,26,OKC,48,5,15.8,2.1,4.6,0.455,0.8,2.2,0.371,1.3,2.4,0.53,0.543,1,1.3,0.774,0.3,1.6,1.9,0.7,0.4,0.4,0.8,1.4,6
Melvin Frazier,70,"$1,416,852",SG,23,ORL,15,0,3.4,0.4,1.1,0.353,0.3,0.5,0.571,0.1,0.7,0.2,0.471,0.1,0.3,0.5,0.1,0.2,0.3,0.1,0.3,0.1,0.2,0.5,1.2
Justin James,70,"$2,284,800",SG,23,SAC,34,0,6.4,1,2.3,0.423,0.3,0.8,0.346,0.7,1.5,0.462,0.481,0.3,0.6,0.476,0.2,0.7,0.9,0.5,0.2,0.3,0.2,0.5,2.5
Caleb Swanigan,70,"$1,618,520",PF,22,POR,27,1,10.7,1,1.7,0.596,0,0.1,0,1,1.7,0.622,0.596,0.3,0.6,0.529,1,2.7,3.7,1.1,0.1,0.3,1.4,2.3,2.4
Jarred Vanderbilt,70,"$1,416,852",SF-PF,20,DEN,11,0,4.2,0.5,0.7,0.625,0,0.1,0,0.5,0.6,0.714,0.625,0.2,0.2,1,0.3,0.5,0.8,0.2,0.3,0.1,0.6,0.5,1.1
Keita Bates-Diop,70,"$2,033,160",SF,24,DEN,39,0,17.1,2.3,5.3,0.428,0.8,2.4,0.33,1.5,2.9,0.509,0.502,1.3,1.8,0.71,0.5,2.3,2.9,0.8,0.4,0.5,0.4,1,6.6
Solomon Hill,70,"$898,310",SF,28,MEM,54,4,18.4,1.9,4.6,0.403,1.1,2.9,0.378,0.8,1.7,0.446,0.522,0.6,0.8,0.714,0.5,2.4,2.9,1.8,0.7,0.2,0.9,1.4,5.4
Tony Bradley,70,"$1,962,360",C,22,UTA,50,2,10.7,2.1,3.1,0.665,0,0,1,2,3.1,0.662,0.668,0.5,0.8,0.65,1.8,2.5,4.3,0.3,0.2,0.5,0.5,2,4.7
Tyrone Wallace,69,"$502,491",SG,25,ATL,14,0,11.4,1,3.1,0.318,0.1,1.1,0.067,0.9,2.1,0.448,0.33,0.8,1.2,0.647,0.2,1.4,1.6,0.9,0.5,0.1,0.7,1.4,2.9
Henry Ellenson,69,"$79,568",PF,23,BRK,5,0,3,0.2,1.4,0.143,0,0.8,0,0.2,0.6,0.333,0.143,0,0,,0.4,0.8,1.2,0.2,0,0,0,0.2,0.4
Theo Pinson,69,"$1,445,697",SG,24,BRK,33,0,11.1,1.4,4.7,0.29,0.5,2.4,0.188,0.9,2.3,0.4,0.339,0.5,0.5,0.938,0.3,1.3,1.6,1.7,0.5,0.1,1,1.1,3.6
Khyri Thomas,69,"$1,416,852",SG,23,DET,8,0,7.6,0.6,2.1,0.294,0.6,1.8,0.357,0,0.4,0,0.441,0.3,0.5,0.5,0.1,0,0.1,0.4,0.4,0,0.4,1.1,2.1
Terance Mann,69,"$1,000,000",SG,23,LAC,35,6,7.7,0.6,1.5,0.407,0.1,0.3,0.25,0.5,1.2,0.452,0.435,0.3,0.3,0.75,0.1,0.8,0.9,1.1,0.2,0.1,0.4,1,1.6
Amile Jefferson,69,"$1,529,007",PF,26,ORL,18,0,4.1,0.3,0.8,0.357,0,0,,0.3,0.8,0.357,0.357,0.3,0.8,0.357,0.6,0.7,1.3,0.2,0.1,0.2,0.2,0.4,0.8
Malcolm Miller,69,"$1,427,191",SF,26,TOR,25,1,5,0.3,1,0.333,0.2,0.8,0.316,0.1,0.2,0.4,0.458,0,0.2,0.167,0,0.5,0.6,0.3,0.2,0.1,0.1,0.5,0.9
Gary Clark,69,"$1,588,231",PF,25,ORL,35,1,12.1,1.1,2.9,0.376,0.8,2.5,0.326,0.3,0.4,0.667,0.515,0.2,0.3,0.889,0.8,1.7,2.4,0.4,0.1,0.4,0.1,0.9,3.2
Miye Oni,69,"$898,310",SG,22,UTA,5,0,2.2,0,0.4,0,0,0.2,0,0,0.2,0,0,0,0,,0,0.4,0.4,0,0,0,0.2,0,0
Brandon Goodwin,68,"$522,738",PG,24,ATL,34,1,12.6,2.2,5.6,0.4,0.8,2.6,0.299,1.5,3,0.485,0.468,0.8,0.9,0.933,0.3,1.8,2.1,1.5,0.4,0.1,0.9,1.3,6.1
Isaiah Hartenstein,68,"$1,254,933",C,21,HOU,23,2,11.6,1.9,2.9,0.657,0,0.2,0,1.9,2.7,0.71,0.657,0.8,1.2,0.679,1.3,2.7,3.9,0.8,0.4,0.5,0.7,1.8,4.7
Michael Frazier,68,"$1,416,852",SG,25,HOU,8,0,8.3,0.5,1.4,0.364,0.3,1,0.25,0.3,0.4,0.667,0.455,0.5,0.8,0.667,0.1,0.3,0.4,0.1,0.3,0,0.3,1.6,1.8
Kostas Antetokounmpo,68,"$79,568",PF,22,LAL,3,0,1.7,0,0,,0,0,,0,0,,,0,0,,0,0.3,0.3,0.3,0,0,0,0,0
Jalen Lecque,68,"$79,568",PG,19,PHO,4,0,6.5,1,2.5,0.4,0,1,0,1,1.5,0.667,0.4,0.5,0.5,1,0,0,0,0.5,0,0,0.3,0.5,2.5
Jordan McRae,68,"$898,310",SG,28,DET,37,4,21.2,4,9.9,0.407,1.2,3.4,0.357,2.8,6.5,0.433,0.469,2.2,2.9,0.761,0.5,2.9,3.4,2.5,0.6,0.4,1.2,2,11.5
Isaac Bonga,68,"$1,416,852",SF,20,WAS,58,41,17.7,1.7,3.2,0.522,0.4,0.9,0.4,1.3,2.2,0.574,0.582,0.9,1.1,0.813,1.1,2.1,3.2,1.1,0.6,0.4,0.7,2.3,4.6
Duncan Robinson,67,"$1,416,852",SF,25,MIA,65,60,30,4.4,9.4,0.467,3.7,8.4,0.448,0.7,1.1,0.614,0.665,0.7,0.8,0.906,0.1,3.1,3.3,1.4,0.5,0.2,0.9,2.8,13.3